x,y
0,1.1547
0.00125148,1.15736
0.00250295,1.16003
0.00375443,1.16269
0.0050059,1.16535
0.00625738,1.16801
0.00750885,1.17068
0.00876033,1.17334
0.0100118,1.176
0.0112633,1.17866
0.0125148,1.18132
0.0137662,1.18399
0.0150177,1.18665
0.0162692,1.18931
0.0175207,1.19197
0.0187721,1.19464
0.0200236,1.1973
0.0212751,1.19996
0.0225266,1.20262
0.023778,1.20529
0.0250295,1.20795
0.026281,1.21061
0.0275325,1.21327
0.0287839,1.21594
0.0300354,1.2186
0.0312869,1.22126
0.0325384,1.22392
0.0337898,1.22659
0.0350413,1.22925
0.0362928,1.23191
0.0375443,1.23457
0.0387957,1.23724
0.0400472,1.2399
0.0412987,1.24256
0.0425502,1.24522
0.0438017,1.24789
0.0450531,1.25055
0.0463046,1.25321
0.0475561,1.25587
0.0488076,1.25854
0.050059,1.2612
0.0513105,1.26386
0.052562,1.26652
0.0538135,1.26919
0.0550649,1.27185
0.0563164,1.27451
0.0575679,1.27717
0.0588194,1.27983
0.0600708,1.2825
0.0613223,1.28516
0.0625738,1.28782
0.0638253,1.29048
0.0650767,1.29315
0.0663282,1.29581
0.0675797,1.29847
0.0688312,1.30113
0.0700826,1.3038
0.0713341,1.30646
0.0725856,1.30912
0.0738371,1.31178
0.0750885,1.31445
0.07634,1.31711
0.0775915,1.31977
0.078843,1.32243
0.0800944,1.3251
0.0813459,1.32776
0.0825974,1.33042
0.0838489,1.33308
0.0851003,1.33575
0.0863518,1.33841
0.0876033,1.34107
0.0888548,1.34373
0.0901063,1.3464
0.0913577,1.34906
0.0926092,1.35172
0.0938607,1.35438
0.0951122,1.35705
0.0963636,1.35971
0.0976151,1.36237
0.0988666,1.36503
0.100118,1.3677
0.10137,1.37036
0.102621,1.37302
0.103872,1.37568
0.105124,1.37835
0.106375,1.38101
0.107627,1.38367
0.108878,1.38633
0.11013,1.38899
0.111381,1.39166
0.112633,1.39432
0.113884,1.39698
0.115136,1.39964
0.116387,1.40231
0.117639,1.40497
0.11889,1.40763
0.120142,1.41029
0.121393,1.41296
0.122645,1.41562
0.123896,1.41828
0.125148,1.42094
0.126399,1.42361
0.127651,1.42627
0.128902,1.42893
0.130153,1.43159
0.131405,1.43426
0.132656,1.43692
0.133908,1.43958
0.135159,1.44224
0.136411,1.44491
0.137662,1.44757
0.138914,1.45023
0.140165,1.45289
0.141417,1.45556
0.142668,1.45822
0.14392,1.46088
0.145171,1.46354
0.146423,1.46621
0.147674,1.46887
0.148926,1.47153
0.150177,1.47419
0.151429,1.47686
0.15268,1.47952
0.153932,1.48218
0.155183,1.48484
0.156434,1.4875
0.157655,1.48829
0.158876,1.48908
0.160096,1.48987
0.161317,1.49065
0.162538,1.49144
0.163758,1.49223
0.164979,1.49302
0.1662,1.4938
0.16742,1.49459
0.168641,1.49538
0.169862,1.49617
0.171082,1.49695
0.172303,1.49774
0.173524,1.49853
0.174744,1.49931
0.175965,1.5001
0.177186,1.50089
0.178406,1.50168
0.179627,1.50246
0.180848,1.50325
0.182068,1.50404
0.183289,1.50483
0.18451,1.50561
0.18573,1.5064
0.186951,1.50719
0.188172,1.50797
0.189392,1.50876
0.190613,1.50955
0.191834,1.51034
0.193054,1.51112
0.194275,1.51191
0.195496,1.5127
0.196716,1.51349
0.197937,1.51427
0.199158,1.51506
0.200378,1.51585
0.201599,1.51663
0.20282,1.51742
0.20404,1.51821
0.205261,1.519
0.206482,1.51978
0.207702,1.52057
0.208923,1.52136
0.210144,1.52215
0.211364,1.52293
0.212585,1.52372
0.213805,1.52451
0.215026,1.52529
0.216247,1.52608
0.217467,1.52687
0.218688,1.52766
0.219909,1.52844
0.221129,1.52923
0.22235,1.53002
0.223571,1.53081
0.224791,1.53159
0.226012,1.53238
0.227233,1.53317
0.228453,1.53396
0.229674,1.53474
0.230895,1.53553
0.232115,1.53632
0.233336,1.5371
0.234557,1.53789
0.235777,1.53868
0.236998,1.53947
0.238219,1.54025
0.239439,1.54104
0.24066,1.54183
0.241881,1.54262
0.243101,1.5434
0.244322,1.54419
0.245543,1.54498
0.246763,1.54576
0.247984,1.54655
0.249205,1.54734
0.250425,1.54813
0.251646,1.54891
0.252867,1.5497
0.254087,1.55049
0.255308,1.55128
0.256529,1.55206
0.257749,1.55285
0.25897,1.55364
0.260191,1.55442
0.261411,1.55521
0.262632,1.556
0.263853,1.55679
0.265073,1.55757
0.266294,1.55836
0.267515,1.55915
0.268735,1.55994
0.269956,1.56072
0.271177,1.56151
0.272397,1.5623
0.273618,1.56308
0.274839,1.56387
0.276059,1.56466
0.27728,1.56545
0.2785,1.56623
0.279721,1.56702
0.280942,1.56781
0.282162,1.5686
0.283383,1.56938
0.284604,1.57017
0.285824,1.57096
0.287045,1.57175
0.288266,1.57253
0.289486,1.57332
0.290707,1.57411
0.291928,1.57489
0.293148,1.57568
0.294369,1.57647
0.29559,1.57726
0.29681,1.57804
0.298031,1.57883
0.299252,1.57962
0.300472,1.58041
0.301693,1.58119
0.302914,1.58198
0.304134,1.58277
0.305355,1.58355
0.306576,1.58434
0.307796,1.58513
0.309017,1.58592
0.310177,1.58619
0.311337,1.58646
0.312496,1.58673
0.313656,1.58701
0.314816,1.58728
0.315976,1.58755
0.317136,1.58783
0.318295,1.5881
0.319455,1.58837
0.320615,1.58864
0.321775,1.58892
0.322934,1.58919
0.324094,1.58946
0.325254,1.58974
0.326414,1.59001
0.327574,1.59028
0.328733,1.59055
0.329893,1.59083
0.331053,1.5911
0.332213,1.59137
0.333373,1.59165
0.334532,1.59192
0.335692,1.59219
0.336852,1.59246
0.338012,1.59274
0.339171,1.59301
0.340331,1.59328
0.341491,1.59355
0.342651,1.59383
0.343811,1.5941
0.34497,1.59437
0.34613,1.59465
0.34729,1.59492
0.34845,1.59519
0.34961,1.59546
0.350769,1.59574
0.351929,1.59601
0.353089,1.59628
0.354249,1.59656
0.355409,1.59683
0.356568,1.5971
0.357728,1.59737
0.358888,1.59765
0.360048,1.59792
0.361207,1.59819
0.362367,1.59846
0.363527,1.59874
0.364687,1.59901
0.365847,1.59928
0.367006,1.59956
0.368166,1.59983
0.369326,1.6001
0.370486,1.60037
0.371646,1.60065
0.372805,1.60092
0.373965,1.60119
0.375125,1.60147
0.376285,1.60174
0.377444,1.60201
0.378604,1.60228
0.379764,1.60256
0.380924,1.60283
0.382084,1.6031
0.383243,1.60338
0.384403,1.60365
0.385563,1.60392
0.386723,1.60419
0.387883,1.60447
0.389042,1.60474
0.390202,1.60501
0.391362,1.60528
0.392522,1.60556
0.393682,1.60583
0.394841,1.6061
0.396001,1.60638
0.397161,1.60665
0.398321,1.60692
0.39948,1.60719
0.40064,1.60747
0.4018,1.60774
0.40296,1.60801
0.40412,1.60829
0.405279,1.60856
0.406439,1.60883
0.407599,1.6091
0.408759,1.60938
0.409919,1.60965
0.411078,1.60992
0.412238,1.6102
0.413398,1.61047
0.414558,1.61074
0.415717,1.61101
0.416877,1.61129
0.418037,1.61156
0.419197,1.61183
0.420357,1.6121
0.421516,1.61238
0.422676,1.61265
0.423836,1.61292
0.424996,1.6132
0.426156,1.61347
0.427315,1.61374
0.428475,1.61401
0.429635,1.61429
0.430795,1.61456
0.431955,1.61483
0.433114,1.61511
0.434274,1.61538
0.435434,1.61565
0.436594,1.61592
0.437753,1.6162
0.438913,1.61647
0.440073,1.61674
0.441233,1.61702
0.442393,1.61729
0.443552,1.61756
0.444712,1.61783
0.445872,1.61811
0.447032,1.61838
0.448192,1.61865
0.449351,1.61892
0.450511,1.6192
0.451671,1.61947
0.452831,1.61974
0.45399,1.62002
0.455061,1.61991
0.456131,1.6198
0.457202,1.6197
0.458272,1.61959
0.459342,1.61949
0.460413,1.61938
0.461483,1.61928
0.462553,1.61917
0.463624,1.61907
0.464694,1.61896
0.465764,1.61886
0.466835,1.61875
0.467905,1.61865
0.468976,1.61854
0.470046,1.61843
0.471116,1.61833
0.472187,1.61822
0.473257,1.61812
0.474327,1.61801
0.475398,1.61791
0.476468,1.6178
0.477538,1.6177
0.478609,1.61759
0.479679,1.61749
0.480749,1.61738
0.48182,1.61727
0.48289,1.61717
0.483961,1.61706
0.485031,1.61696
0.486101,1.61685
0.487172,1.61675
0.488242,1.61664
0.489312,1.61654
0.490383,1.61643
0.491453,1.61633
0.492523,1.61622
0.493594,1.61611
0.494664,1.61601
0.495734,1.6159
0.496805,1.6158
0.497875,1.61569
0.498946,1.61559
0.500016,1.61548
0.501086,1.61538
0.502157,1.61527
0.503227,1.61517
0.504297,1.61506
0.505368,1.61496
0.506438,1.61485
0.507508,1.61474
0.508579,1.61464
0.509649,1.61453
0.510719,1.61443
0.51179,1.61432
0.51286,1.61422
0.513931,1.61411
0.515001,1.61401
0.516071,1.6139
0.517142,1.6138
0.518212,1.61369
0.519282,1.61358
0.520353,1.61348
0.521423,1.61337
0.522493,1.61327
0.523564,1.61316
0.524634,1.61306
0.525704,1.61295
0.526775,1.61285
0.527845,1.61274
0.528916,1.61264
0.529986,1.61253
0.531056,1.61242
0.532127,1.61232
0.533197,1.61221
0.534267,1.61211
0.535338,1.612
0.536408,1.6119
0.537478,1.61179
0.538549,1.61169
0.539619,1.61158
0.540689,1.61148
0.54176,1.61137
0.54283,1.61126
0.543901,1.61116
0.544971,1.61105
0.546041,1.61095
0.547112,1.61084
0.548182,1.61074
0.549252,1.61063
0.550323,1.61053
0.551393,1.61042
0.552463,1.61032
0.553534,1.61021
0.554604,1.61011
0.555675,1.61
0.556745,1.60989
0.557815,1.60979
0.558886,1.60968
0.559956,1.60958
0.561026,1.60947
0.562097,1.60937
0.563167,1.60926
0.564237,1.60916
0.565308,1.60905
0.566378,1.60895
0.567448,1.60884
0.568519,1.60873
0.569589,1.60863
0.57066,1.60852
0.57173,1.60842
0.5728,1.60831
0.573871,1.60821
0.574941,1.6081
0.576011,1.608
0.577082,1.60789
0.578152,1.60779
0.579222,1.60768
0.580293,1.60757
0.581363,1.60747
0.582433,1.60736
0.583504,1.60726
0.584574,1.60715
0.585645,1.60705
0.586715,1.60694
0.587785,1.60684
0.58874,1.60642
0.589694,1.606
0.590649,1.60558
0.591604,1.60516
0.592558,1.60473
0.593513,1.60431
0.594467,1.60389
0.595422,1.60347
0.596376,1.60305
0.597331,1.60263
0.598286,1.60221
0.59924,1.60179
0.600195,1.60137
0.601149,1.60095
0.602104,1.60053
0.603058,1.60011
0.604013,1.59969
0.604968,1.59927
0.605922,1.59885
0.606877,1.59843
0.607831,1.59801
0.608786,1.59759
0.60974,1.59717
0.610695,1.59675
0.61165,1.59633
0.612604,1.59591
0.613559,1.59549
0.614513,1.59507
0.615468,1.59464
0.616422,1.59422
0.617377,1.5938
0.618332,1.59338
0.619286,1.59296
0.620241,1.59254
0.621195,1.59212
0.62215,1.5917
0.623104,1.59128
0.624059,1.59086
0.625014,1.59044
0.625968,1.59002
0.626923,1.5896
0.627877,1.58918
0.628832,1.58876
0.629786,1.58834
0.630741,1.58792
0.631696,1.5875
0.63265,1.58708
0.633605,1.58666
0.634559,1.58624
0.635514,1.58582
0.636468,1.5854
0.637423,1.58497
0.638378,1.58455
0.639332,1.58413
0.640287,1.58371
0.641241,1.58329
0.642196,1.58287
0.64315,1.58245
0.644105,1.58203
0.64506,1.58161
0.646014,1.58119
0.646969,1.58077
0.647923,1.58035
0.648878,1.57993
0.649832,1.57951
0.650787,1.57909
0.651742,1.57867
0.652696,1.57825
0.653651,1.57783
0.654605,1.57741
0.65556,1.57699
0.656514,1.57657
0.657469,1.57615
0.658424,1.57573
0.659378,1.57531
0.660333,1.57488
0.661287,1.57446
0.662242,1.57404
0.663196,1.57362
0.664151,1.5732
0.665106,1.57278
0.66606,1.57236
0.667015,1.57194
0.667969,1.57152
0.668924,1.5711
0.669878,1.57068
0.670833,1.57026
0.671788,1.56984
0.672742,1.56942
0.673697,1.569
0.674651,1.56858
0.675606,1.56816
0.67656,1.56774
0.677515,1.56732
0.67847,1.5669
0.679424,1.56648
0.680379,1.56606
0.681333,1.56564
0.682288,1.56522
0.683242,1.56479
0.684197,1.56437
0.685152,1.56395
0.686106,1.56353
0.687061,1.56311
0.688015,1.56269
0.68897,1.56227
0.689924,1.56185
0.690879,1.56143
0.691834,1.56101
0.692788,1.56059
0.693743,1.56017
0.694697,1.55975
0.695652,1.55933
0.696606,1.55891
0.697561,1.55849
0.698516,1.55807
0.69947,1.55765
0.700425,1.55723
0.701379,1.55681
0.702334,1.55639
0.703288,1.55597
0.704243,1.55555
0.705198,1.55513
0.706152,1.5547
0.707107,1.55428
0.707922,1.55359
0.708737,1.5529
0.709553,1.55221
0.710368,1.55152
0.711183,1.55083
0.711998,1.55014
0.712814,1.54945
0.713629,1.54875
0.714444,1.54806
0.71526,1.54737
0.716075,1.54668
0.71689,1.54599
0.717705,1.5453
0.718521,1.54461
0.719336,1.54392
0.720151,1.54322
0.720967,1.54253
0.721782,1.54184
0.722597,1.54115
0.723412,1.54046
0.724228,1.53977
0.725043,1.53908
0.725858,1.53839
0.726674,1.5377
0.727489,1.537
0.728304,1.53631
0.729119,1.53562
0.729935,1.53493
0.73075,1.53424
0.731565,1.53355
0.732381,1.53286
0.733196,1.53217
0.734011,1.53147
0.734826,1.53078
0.735642,1.53009
0.736457,1.5294
0.737272,1.52871
0.738087,1.52802
0.738903,1.52733
0.739718,1.52664
0.740533,1.52594
0.741349,1.52525
0.742164,1.52456
0.742979,1.52387
0.743794,1.52318
0.74461,1.52249
0.745425,1.5218
0.74624,1.52111
0.747056,1.52041
0.747871,1.51972
0.748686,1.51903
0.749501,1.51834
0.750317,1.51765
0.751132,1.51696
0.751947,1.51627
0.752763,1.51558
0.753578,1.51488
0.754393,1.51419
0.755208,1.5135
0.756024,1.51281
0.756839,1.51212
0.757654,1.51143
0.75847,1.51074
0.759285,1.51005
0.7601,1.50935
0.760915,1.50866
0.761731,1.50797
0.762546,1.50728
0.763361,1.50659
0.764177,1.5059
0.764992,1.50521
0.765807,1.50452
0.766622,1.50382
0.767438,1.50313
0.768253,1.50244
0.769068,1.50175
0.769883,1.50106
0.770699,1.50037
0.771514,1.49968
0.772329,1.49899
0.773145,1.4983
0.77396,1.4976
0.774775,1.49691
0.77559,1.49622
0.776406,1.49553
0.777221,1.49484
0.778036,1.49415
0.778852,1.49346
0.779667,1.49277
0.780482,1.49207
0.781297,1.49138
0.782113,1.49069
0.782928,1.49
0.783743,1.48931
0.784559,1.48862
0.785374,1.48793
0.786189,1.48724
0.787004,1.48654
0.78782,1.48585
0.788635,1.48516
0.78945,1.48447
0.790266,1.48378
0.791081,1.48309
0.791896,1.4824
0.792711,1.48171
0.793527,1.48101
0.794342,1.48032
0.795157,1.47963
0.795972,1.47894
0.796788,1.47825
0.797603,1.47756
0.798418,1.47687
0.799234,1.47618
0.800049,1.47548
0.800864,1.47479
0.801679,1.4741
0.802495,1.47341
0.80331,1.47272
0.804125,1.47203
0.804941,1.47134
0.805756,1.47065
0.806571,1.46995
0.807386,1.46926
0.808202,1.46857
0.809017,1.46788
0.809673,1.46696
0.810329,1.46603
0.810985,1.46511
0.811641,1.46419
0.812297,1.46326
0.812952,1.46234
0.813608,1.46141
0.814264,1.46049
0.81492,1.45957
0.815576,1.45864
0.816232,1.45772
0.816888,1.4568
0.817544,1.45587
0.8182,1.45495
0.818856,1.45402
0.819512,1.4531
0.820168,1.45218
0.820823,1.45125
0.821479,1.45033
0.822135,1.44941
0.822791,1.44848
0.823447,1.44756
0.824103,1.44663
0.824759,1.44571
0.825415,1.44479
0.826071,1.44386
0.826727,1.44294
0.827383,1.44202
0.828039,1.44109
0.828694,1.44017
0.82935,1.43924
0.830006,1.43832
0.830662,1.4374
0.831318,1.43647
0.831974,1.43555
0.83263,1.43463
0.833286,1.4337
0.833942,1.43278
0.834598,1.43185
0.835254,1.43093
0.83591,1.43001
0.836565,1.42908
0.837221,1.42816
0.837877,1.42724
0.838533,1.42631
0.839189,1.42539
0.839845,1.42446
0.840501,1.42354
0.841157,1.42262
0.841813,1.42169
0.842469,1.42077
0.843125,1.41985
0.843781,1.41892
0.844436,1.418
0.845092,1.41707
0.845748,1.41615
0.846404,1.41523
0.84706,1.4143
0.847716,1.41338
0.848372,1.41246
0.849028,1.41153
0.849684,1.41061
0.85034,1.40968
0.850996,1.40876
0.851652,1.40784
0.852307,1.40691
0.852963,1.40599
0.853619,1.40507
0.854275,1.40414
0.854931,1.40322
0.855587,1.40229
0.856243,1.40137
0.856899,1.40045
0.857555,1.39952
0.858211,1.3986
0.858867,1.39768
0.859523,1.39675
0.860178,1.39583
0.860834,1.3949
0.86149,1.39398
0.862146,1.39306
0.862802,1.39213
0.863458,1.39121
0.864114,1.39029
0.86477,1.38936
0.865426,1.38844
0.866082,1.38751
0.866738,1.38659
0.867394,1.38567
0.868049,1.38474
0.868705,1.38382
0.869361,1.3829
0.870017,1.38197
0.870673,1.38105
0.871329,1.38012
0.871985,1.3792
0.872641,1.37828
0.873297,1.37735
0.873953,1.37643
0.874609,1.37551
0.875265,1.37458
0.87592,1.37366
0.876576,1.37273
0.877232,1.37181
0.877888,1.37089
0.878544,1.36996
0.8792,1.36904
0.879856,1.36812
0.880512,1.36719
0.881168,1.36627
0.881824,1.36534
0.88248,1.36442
0.883136,1.3635
0.883791,1.36257
0.884447,1.36165
0.885103,1.36073
0.885759,1.3598
0.886415,1.35888
0.887071,1.35795
0.887727,1.35703
0.888383,1.35611
0.889039,1.35518
0.889695,1.35426
0.890351,1.35334
0.891007,1.35241
0.891487,1.35129
0.891967,1.35017
0.892448,1.34905
0.892928,1.34793
0.893409,1.34681
0.893889,1.34569
0.894369,1.34458
0.89485,1.34346
0.89533,1.34234
0.895811,1.34122
0.896291,1.3401
0.896771,1.33898
0.897252,1.33786
0.897732,1.33674
0.898213,1.33562
0.898693,1.3345
0.899173,1.33338
0.899654,1.33226
0.900134,1.33114
0.900615,1.33002
0.901095,1.3289
0.901575,1.32778
0.902056,1.32666
0.902536,1.32554
0.903017,1.32442
0.903497,1.3233
0.903977,1.32218
0.904458,1.32106
0.904938,1.31994
0.905419,1.31882
0.905899,1.31771
0.906379,1.31659
0.90686,1.31547
0.90734,1.31435
0.907821,1.31323
0.908301,1.31211
0.908781,1.31099
0.909262,1.30987
0.909742,1.30875
0.910223,1.30763
0.910703,1.30651
0.911183,1.30539
0.911664,1.30427
0.912144,1.30315
0.912625,1.30203
0.913105,1.30091
0.913585,1.29979
0.914066,1.29867
0.914546,1.29755
0.915027,1.29643
0.915507,1.29531
0.915987,1.29419
0.916468,1.29307
0.916948,1.29195
0.917429,1.29084
0.917909,1.28972
0.918389,1.2886
0.91887,1.28748
0.91935,1.28636
0.919831,1.28524
0.920311,1.28412
0.920791,1.283
0.921272,1.28188
0.921752,1.28076
0.922233,1.27964
0.922713,1.27852
0.923193,1.2774
0.923674,1.27628
0.924154,1.27516
0.924635,1.27404
0.925115,1.27292
0.925595,1.2718
0.926076,1.27068
0.926556,1.26956
0.927037,1.26844
0.927517,1.26732
0.927997,1.2662
0.928478,1.26508
0.928958,1.26397
0.929439,1.26285
0.929919,1.26173
0.930399,1.26061
0.93088,1.25949
0.93136,1.25837
0.931841,1.25725
0.932321,1.25613
0.932801,1.25501
0.933282,1.25389
0.933762,1.25277
0.934243,1.25165
0.934723,1.25053
0.935203,1.24941
0.935684,1.24829
0.936164,1.24717
0.936645,1.24605
0.937125,1.24493
0.937605,1.24381
0.938086,1.24269
0.938566,1.24157
0.939047,1.24045
0.939527,1.23933
0.940007,1.23821
0.940488,1.2371
0.940968,1.23598
0.941449,1.23486
0.941929,1.23374
0.942409,1.23262
0.94289,1.2315
0.94337,1.23038
0.943851,1.22926
0.944331,1.22814
0.944811,1.22702
0.945292,1.2259
0.945772,1.22478
0.946253,1.22366
0.946733,1.22254
0.947213,1.22142
0.947694,1.2203
0.948174,1.21918
0.948655,1.21806
0.949135,1.21694
0.949615,1.21582
0.950096,1.2147
0.950576,1.21358
0.951057,1.21246
0.95135,1.21119
0.951643,1.20991
0.951936,1.20863
0.952229,1.20735
0.952522,1.20607
0.952815,1.20479
0.953108,1.20351
0.953401,1.20223
0.953694,1.20095
0.953987,1.19968
0.95428,1.1984
0.954573,1.19712
0.954866,1.19584
0.955159,1.19456
0.955452,1.19328
0.955745,1.192
0.956038,1.19072
0.956331,1.18944
0.956625,1.18816
0.956918,1.18689
0.957211,1.18561
0.957504,1.18433
0.957797,1.18305
0.95809,1.18177
0.958383,1.18049
0.958676,1.17921
0.958969,1.17793
0.959262,1.17665
0.959555,1.17538
0.959848,1.1741
0.960141,1.17282
0.960434,1.17154
0.960727,1.17026
0.96102,1.16898
0.961313,1.1677
0.961606,1.16642
0.9619,1.16514
0.962193,1.16387
0.962486,1.16259
0.962779,1.16131
0.963072,1.16003
0.963365,1.15875
0.963658,1.15747
0.963951,1.15619
0.964244,1.15491
0.964537,1.15363
0.96483,1.15236
0.965123,1.15108
0.965416,1.1498
0.965709,1.14852
0.966002,1.14724
0.966295,1.14596
0.966588,1.14468
0.966881,1.1434
0.967175,1.14212
0.967468,1.14085
0.967761,1.13957
0.968054,1.13829
0.968347,1.13701
0.96864,1.13573
0.968933,1.13445
0.969226,1.13317
0.969519,1.13189
0.969812,1.13061
0.970105,1.12933
0.970398,1.12806
0.970691,1.12678
0.970984,1.1255
0.971277,1.12422
0.97157,1.12294
0.971863,1.12166
0.972156,1.12038
0.97245,1.1191
0.972743,1.11782
0.973036,1.11655
0.973329,1.11527
0.973622,1.11399
0.973915,1.11271
0.974208,1.11143
0.974501,1.11015
0.974794,1.10887
0.975087,1.10759
0.97538,1.10631
0.975673,1.10504
0.975966,1.10376
0.976259,1.10248
0.976552,1.1012
0.976845,1.09992
0.977138,1.09864
0.977431,1.09736
0.977724,1.09608
0.978018,1.0948
0.978311,1.09353
0.978604,1.09225
0.978897,1.09097
0.97919,1.08969
0.979483,1.08841
0.979776,1.08713
0.980069,1.08585
0.980362,1.08457
0.980655,1.08329
0.980948,1.08201
0.981241,1.08074
0.981534,1.07946
0.981827,1.07818
0.98212,1.0769
0.982413,1.07562
0.982706,1.07434
0.982999,1.07306
0.983293,1.07178
0.983586,1.0705
0.983879,1.06923
0.984172,1.06795
0.984465,1.06667
0.984758,1.06539
0.985051,1.06411
0.985344,1.06283
0.985637,1.06155
0.98593,1.06027
0.986223,1.05899
0.986516,1.05772
0.986809,1.05644
0.987102,1.05516
0.987395,1.05388
0.987688,1.0526
0.987787,1.0512
0.987885,1.0498
0.987984,1.04839
0.988082,1.04699
0.988181,1.04559
0.988279,1.04419
0.988378,1.04279
0.988476,1.04139
0.988575,1.03998
0.988673,1.03858
0.988772,1.03718
0.98887,1.03578
0.988969,1.03438
0.989067,1.03298
0.989166,1.03157
0.989264,1.03017
0.989363,1.02877
0.989461,1.02737
0.98956,1.02597
0.989658,1.02457
0.989757,1.02316
0.989855,1.02176
0.989954,1.02036
0.990052,1.01896
0.990151,1.01756
0.990249,1.01615
0.990348,1.01475
0.990446,1.01335
0.990545,1.01195
0.990643,1.01055
0.990742,1.00915
0.99084,1.00774
0.990939,1.00634
0.991037,1.00494
0.991136,1.00354
0.991234,1.00214
0.991333,1.00074
0.991431,0.999334
0.99153,0.997932
0.991628,0.99653
0.991727,0.995129
0.991825,0.993727
0.991924,0.992325
0.992022,0.990923
0.992121,0.989522
0.992219,0.98812
0.992318,0.986718
0.992416,0.985316
0.992515,0.983915
0.992613,0.982513
0.992711,0.981111
0.99281,0.97971
0.992908,0.978308
0.993007,0.976906
0.993105,0.975504
0.993204,0.974103
0.993302,0.972701
0.993401,0.971299
0.993499,0.969897
0.993598,0.968496
0.993696,0.967094
0.993795,0.965692
0.993893,0.96429
0.993992,0.962889
0.99409,0.961487
0.994189,0.960085
0.994287,0.958683
0.994386,0.957282
0.994484,0.95588
0.994583,0.954478
0.994681,0.953077
0.99478,0.951675
0.994878,0.950273
0.994977,0.948871
0.995075,0.94747
0.995174,0.946068
0.995272,0.944666
0.995371,0.943264
0.995469,0.941863
0.995568,0.940461
0.995666,0.939059
0.995765,0.937657
0.995863,0.936256
0.995962,0.934854
0.99606,0.933452
0.996159,0.93205
0.996257,0.930649
0.996356,0.929247
0.996454,0.927845
0.996553,0.926443
0.996651,0.925042
0.99675,0.92364
0.996848,0.922238
0.996947,0.920837
0.997045,0.919435
0.997144,0.918033
0.997242,0.916631
0.997341,0.91523
0.997439,0.913828
0.997538,0.912426
0.997636,0.911024
0.997735,0.909623
0.997833,0.908221
0.997932,0.906819
0.99803,0.905417
0.998129,0.904016
0.998227,0.902614
0.998326,0.901212
0.998424,0.89981
0.998523,0.898409
0.998621,0.897007
0.99872,0.895605
0.998818,0.894204
0.998917,0.892802
0.999015,0.8914
0.999114,0.889998
0.999212,0.888597
0.999311,0.887195
0.999409,0.885793
0.999508,0.884391
0.999606,0.88299
0.999705,0.881588
0.999803,0.880186
0.999902,0.878784
1,0.877383
0.999902,0.875894
0.999803,0.874406
0.999705,0.872917
0.999606,0.871429
0.999508,0.869941
0.999409,0.868452
0.999311,0.866964
0.999212,0.865475
0.999114,0.863987
0.999015,0.862498
0.998917,0.86101
0.998818,0.859522
0.99872,0.858033
0.998621,0.856545
0.998523,0.855056
0.998424,0.853568
0.998326,0.85208
0.998227,0.850591
0.998129,0.849103
0.99803,0.847614
0.997932,0.846126
0.997833,0.844637
0.997735,0.843149
0.997636,0.841661
0.997538,0.840172
0.997439,0.838684
0.997341,0.837195
0.997242,0.835707
0.997144,0.834218
0.997045,0.83273
0.996947,0.831242
0.996848,0.829753
0.99675,0.828265
0.996651,0.826776
0.996553,0.825288
0.996454,0.823799
0.996356,0.822311
0.996257,0.820823
0.996159,0.819334
0.99606,0.817846
0.995962,0.816357
0.995863,0.814869
0.995765,0.813381
0.995666,0.811892
0.995568,0.810404
0.995469,0.808915
0.995371,0.807427
0.995272,0.805938
0.995174,0.80445
0.995075,0.802962
0.994977,0.801473
0.994878,0.799985
0.99478,0.798496
0.994681,0.797008
0.994583,0.795519
0.994484,0.794031
0.994386,0.792543
0.994287,0.791054
0.994189,0.789566
0.99409,0.788077
0.993992,0.786589
0.993893,0.785101
0.993795,0.783612
0.993696,0.782124
0.993598,0.780635
0.993499,0.779147
0.993401,0.777658
0.993302,0.77617
0.993204,0.774682
0.993105,0.773193
0.993007,0.771705
0.992908,0.770216
0.99281,0.768728
0.992711,0.767239
0.992613,0.765751
0.992515,0.764263
0.992416,0.762774
0.992318,0.761286
0.992219,0.759797
0.992121,0.758309
0.992022,0.756821
0.991924,0.755332
0.991825,0.753844
0.991727,0.752355
0.991628,0.750867
0.99153,0.749378
0.991431,0.74789
0.991333,0.746402
0.991234,0.744913
0.991136,0.743425
0.991037,0.741936
0.990939,0.740448
0.99084,0.738959
0.990742,0.737471
0.990643,0.735983
0.990545,0.734494
0.990446,0.733006
0.990348,0.731517
0.990249,0.730029
0.990151,0.728541
0.990052,0.727052
0.989954,0.725564
0.989855,0.724075
0.989757,0.722587
0.989658,0.721098
0.98956,0.71961
0.989461,0.718122
0.989363,0.716633
0.989264,0.715145
0.989166,0.713656
0.989067,0.712168
0.988969,0.710679
0.98887,0.709191
0.988772,0.707703
0.988673,0.706214
0.988575,0.704726
0.988476,0.703237
0.988378,0.701749
0.988279,0.70026
0.988181,0.698772
0.988082,0.697284
0.987984,0.695795
0.987885,0.694307
0.987787,0.692818
0.987688,0.69133
0.987395,0.68979
0.987102,0.68825
0.986809,0.68671
0.986516,0.68517
0.986223,0.68363
0.98593,0.682089
0.985637,0.680549
0.985344,0.679009
0.985051,0.677469
0.984758,0.675929
0.984465,0.674389
0.984172,0.672849
0.983879,0.671309
0.983586,0.669769
0.983293,0.668229
0.982999,0.666689
0.982706,0.665149
0.982413,0.663609
0.98212,0.662068
0.981827,0.660528
0.981534,0.658988
0.981241,0.657448
0.980948,0.655908
0.980655,0.654368
0.980362,0.652828
0.980069,0.651288
0.979776,0.649748
0.979483,0.648208
0.97919,0.646668
0.978897,0.645128
0.978604,0.643588
0.978311,0.642047
0.978018,0.640507
0.977724,0.638967
0.977431,0.637427
0.977138,0.635887
0.976845,0.634347
0.976552,0.632807
0.976259,0.631267
0.975966,0.629727
0.975673,0.628187
0.97538,0.626647
0.975087,0.625107
0.974794,0.623567
0.974501,0.622026
0.974208,0.620486
0.973915,0.618946
0.973622,0.617406
0.973329,0.615866
0.973036,0.614326
0.972743,0.612786
0.97245,0.611246
0.972156,0.609706
0.971863,0.608166
0.97157,0.606626
0.971277,0.605086
0.970984,0.603545
0.970691,0.602005
0.970398,0.600465
0.970105,0.598925
0.969812,0.597385
0.969519,0.595845
0.969226,0.594305
0.968933,0.592765
0.96864,0.591225
0.968347,0.589685
0.968054,0.588145
0.967761,0.586605
0.967468,0.585065
0.967175,0.583524
0.966881,0.581984
0.966588,0.580444
0.966295,0.578904
0.966002,0.577364
0.965709,0.575824
0.965416,0.574284
0.965123,0.572744
0.96483,0.571204
0.964537,0.569664
0.964244,0.568124
0.963951,0.566584
0.963658,0.565044
0.963365,0.563503
0.963072,0.561963
0.962779,0.560423
0.962486,0.558883
0.962193,0.557343
0.9619,0.555803
0.961606,0.554263
0.961313,0.552723
0.96102,0.551183
0.960727,0.549643
0.960434,0.548103
0.960141,0.546563
0.959848,0.545023
0.959555,0.543482
0.959262,0.541942
0.958969,0.540402
0.958676,0.538862
0.958383,0.537322
0.95809,0.535782
0.957797,0.534242
0.957504,0.532702
0.957211,0.531162
0.956918,0.529622
0.956625,0.528082
0.956331,0.526542
0.956038,0.525001
0.955745,0.523461
0.955452,0.521921
0.955159,0.520381
0.954866,0.518841
0.954573,0.517301
0.95428,0.515761
0.953987,0.514221
0.953694,0.512681
0.953401,0.511141
0.953108,0.509601
0.952815,0.508061
0.952522,0.506521
0.952229,0.50498
0.951936,0.50344
0.951643,0.5019
0.95135,0.50036
0.951057,0.49882
0.950576,0.497261
0.950096,0.495702
0.949615,0.494144
0.949135,0.492585
0.948655,0.491026
0.948174,0.489467
0.947694,0.487908
0.947213,0.486349
0.946733,0.484791
0.946253,0.483232
0.945772,0.481673
0.945292,0.480114
0.944811,0.478555
0.944331,0.476996
0.943851,0.475438
0.94337,0.473879
0.94289,0.47232
0.942409,0.470761
0.941929,0.469202
0.941449,0.467643
0.940968,0.466085
0.940488,0.464526
0.940007,0.462967
0.939527,0.461408
0.939047,0.459849
0.938566,0.45829
0.938086,0.456732
0.937605,0.455173
0.937125,0.453614
0.936645,0.452055
0.936164,0.450496
0.935684,0.448937
0.935203,0.447379
0.934723,0.44582
0.934243,0.444261
0.933762,0.442702
0.933282,0.441143
0.932801,0.439584
0.932321,0.438026
0.931841,0.436467
0.93136,0.434908
0.93088,0.433349
0.930399,0.43179
0.929919,0.430231
0.929439,0.428673
0.928958,0.427114
0.928478,0.425555
0.927997,0.423996
0.927517,0.422437
0.927037,0.420878
0.926556,0.41932
0.926076,0.417761
0.925595,0.416202
0.925115,0.414643
0.924635,0.413084
0.924154,0.411525
0.923674,0.409967
0.923193,0.408408
0.922713,0.406849
0.922233,0.40529
0.921752,0.403731
0.921272,0.402172
0.920791,0.400614
0.920311,0.399055
0.919831,0.397496
0.91935,0.395937
0.91887,0.394378
0.918389,0.392819
0.917909,0.391261
0.917429,0.389702
0.916948,0.388143
0.916468,0.386584
0.915987,0.385025
0.915507,0.383466
0.915027,0.381908
0.914546,0.380349
0.914066,0.37879
0.913585,0.377231
0.913105,0.375672
0.912625,0.374113
0.912144,0.372555
0.911664,0.370996
0.911183,0.369437
0.910703,0.367878
0.910223,0.366319
0.909742,0.36476
0.909262,0.363202
0.908781,0.361643
0.908301,0.360084
0.907821,0.358525
0.90734,0.356966
0.90686,0.355407
0.906379,0.353849
0.905899,0.35229
0.905419,0.350731
0.904938,0.349172
0.904458,0.347613
0.903977,0.346054
0.903497,0.344496
0.903017,0.342937
0.902536,0.341378
0.902056,0.339819
0.901575,0.33826
0.901095,0.336701
0.900615,0.335143
0.900134,0.333584
0.899654,0.332025
0.899173,0.330466
0.898693,0.328907
0.898213,0.327348
0.897732,0.32579
0.897252,0.324231
0.896771,0.322672
0.896291,0.321113
0.895811,0.319554
0.89533,0.317995
0.89485,0.316437
0.894369,0.314878
0.893889,0.313319
0.893409,0.31176
0.892928,0.310201
0.892448,0.308642
0.891967,0.307084
0.891487,0.305525
0.891007,0.303966
0.890351,0.302418
0.889695,0.30087
0.889039,0.299322
0.888383,0.297773
0.887727,0.296225
0.887071,0.294677
0.886415,0.293129
0.885759,0.291581
0.885103,0.290033
0.884447,0.288485
0.883791,0.286937
0.883136,0.285388
0.88248,0.28384
0.881824,0.282292
0.881168,0.280744
0.880512,0.279196
0.879856,0.277648
0.8792,0.2761
0.878544,0.274551
0.877888,0.273003
0.877232,0.271455
0.876576,0.269907
0.87592,0.268359
0.875265,0.266811
0.874609,0.265263
0.873953,0.263714
0.873297,0.262166
0.872641,0.260618
0.871985,0.25907
0.871329,0.257522
0.870673,0.255974
0.870017,0.254426
0.869361,0.252878
0.868705,0.251329
0.868049,0.249781
0.867394,0.248233
0.866738,0.246685
0.866082,0.245137
0.865426,0.243589
0.86477,0.242041
0.864114,0.240492
0.863458,0.238944
0.862802,0.237396
0.862146,0.235848
0.86149,0.2343
0.860834,0.232752
0.860178,0.231204
0.859523,0.229656
0.858867,0.228107
0.858211,0.226559
0.857555,0.225011
0.856899,0.223463
0.856243,0.221915
0.855587,0.220367
0.854931,0.218819
0.854275,0.21727
0.853619,0.215722
0.852963,0.214174
0.852307,0.212626
0.851652,0.211078
0.850996,0.20953
0.85034,0.207982
0.849684,0.206434
0.849028,0.204885
0.848372,0.203337
0.847716,0.201789
0.84706,0.200241
0.846404,0.198693
0.845748,0.197145
0.845092,0.195597
0.844436,0.194048
0.843781,0.1925
0.843125,0.190952
0.842469,0.189404
0.841813,0.187856
0.841157,0.186308
0.840501,0.18476
0.839845,0.183211
0.839189,0.181663
0.838533,0.180115
0.837877,0.178567
0.837221,0.177019
0.836565,0.175471
0.83591,0.173923
0.835254,0.172375
0.834598,0.170826
0.833942,0.169278
0.833286,0.16773
0.83263,0.166182
0.831974,0.164634
0.831318,0.163086
0.830662,0.161538
0.830006,0.159989
0.82935,0.158441
0.828694,0.156893
0.828039,0.155345
0.827383,0.153797
0.826727,0.152249
0.826071,0.150701
0.825415,0.149153
0.824759,0.147604
0.824103,0.146056
0.823447,0.144508
0.822791,0.14296
0.822135,0.141412
0.821479,0.139864
0.820823,0.138316
0.820168,0.136767
0.819512,0.135219
0.818856,0.133671
0.8182,0.132123
0.817544,0.130575
0.816888,0.129027
0.816232,0.127479
0.815576,0.125931
0.81492,0.124382
0.814264,0.122834
0.813608,0.121286
0.812952,0.119738
0.812297,0.11819
0.811641,0.116642
0.810985,0.115094
0.810329,0.113545
0.809673,0.111997
0.809017,0.110449
0.808202,0.108936
0.807386,0.107423
0.806571,0.105909
0.805756,0.104396
0.804941,0.102883
0.804125,0.10137
0.80331,0.0998563
0.802495,0.0983431
0.801679,0.0968298
0.800864,0.0953165
0.800049,0.0938033
0.799234,0.09229
0.798418,0.0907768
0.797603,0.0892635
0.796788,0.0877502
0.795972,0.086237
0.795157,0.0847237
0.794342,0.0832104
0.793527,0.0816972
0.792711,0.0801839
0.791896,0.0786707
0.791081,0.0771574
0.790266,0.0756441
0.78945,0.0741309
0.788635,0.0726176
0.78782,0.0711043
0.787004,0.0695911
0.786189,0.0680778
0.785374,0.0665646
0.784559,0.0650513
0.783743,0.063538
0.782928,0.0620248
0.782113,0.0605115
0.781297,0.0589982
0.780482,0.057485
0.779667,0.0559717
0.778852,0.0544585
0.778036,0.0529452
0.777221,0.0514319
0.776406,0.0499187
0.77559,0.0484054
0.774775,0.0468921
0.77396,0.0453789
0.773145,0.0438656
0.772329,0.0423524
0.771514,0.0408391
0.770699,0.0393258
0.769883,0.0378126
0.769068,0.0362993
0.768253,0.034786
0.767438,0.0332728
0.766622,0.0317595
0.765807,0.0302463
0.764992,0.028733
0.764177,0.0272197
0.763361,0.0257065
0.762546,0.0241932
0.761731,0.0226799
0.760915,0.0211667
0.7601,0.0196534
0.759285,0.0181402
0.75847,0.0166269
0.757654,0.0151136
0.756839,0.0136004
0.756024,0.0120871
0.755208,0.0105738
0.754393,0.00906058
0.753578,0.00754732
0.752763,0.00603406
0.751947,0.0045208
0.751132,0.00300753
0.750317,0.00149427
0.749501,-1.89904e-05
0.748686,-0.00153225
0.747871,-0.00304552
0.747056,-0.00455878
0.74624,-0.00607204
0.745425,-0.0075853
0.74461,-0.00909856
0.743794,-0.0106118
0.742979,-0.0121251
0.742164,-0.0136384
0.741349,-0.0151516
0.740533,-0.0166649
0.739718,-0.0181781
0.738903,-0.0196914
0.738087,-0.0212047
0.737272,-0.0227179
0.736457,-0.0242312
0.735642,-0.0257445
0.734826,-0.0272577
0.734011,-0.028771
0.733196,-0.0302842
0.732381,-0.0317975
0.731565,-0.0333108
0.73075,-0.034824
0.729935,-0.0363373
0.729119,-0.0378506
0.728304,-0.0393638
0.727489,-0.0408771
0.726674,-0.0423903
0.725858,-0.0439036
0.725043,-0.0454169
0.724228,-0.0469301
0.723412,-0.0484434
0.722597,-0.0499566
0.721782,-0.0514699
0.720967,-0.0529832
0.720151,-0.0544964
0.719336,-0.0560097
0.718521,-0.057523
0.717705,-0.0590362
0.71689,-0.0605495
0.716075,-0.0620627
0.71526,-0.063576
0.714444,-0.0650893
0.713629,-0.0666025
0.712814,-0.0681158
0.711998,-0.0696291
0.711183,-0.0711423
0.710368,-0.0726556
0.709553,-0.0741688
0.708737,-0.0756821
0.707922,-0.0771954
0.707107,-0.0787086
0.706152,-0.080171
0.705198,-0.0816334
0.704243,-0.0830958
0.703288,-0.0845582
0.702334,-0.0860206
0.701379,-0.087483
0.700425,-0.0889454
0.69947,-0.0904078
0.698516,-0.0918702
0.697561,-0.0933326
0.696606,-0.094795
0.695652,-0.0962574
0.694697,-0.0977198
0.693743,-0.0991822
0.692788,-0.100645
0.691834,-0.102107
0.690879,-0.103569
0.689924,-0.105032
0.68897,-0.106494
0.688015,-0.107957
0.687061,-0.109419
0.686106,-0.110881
0.685152,-0.112344
0.684197,-0.113806
0.683242,-0.115269
0.682288,-0.116731
0.681333,-0.118193
0.680379,-0.119656
0.679424,-0.121118
0.67847,-0.12258
0.677515,-0.124043
0.67656,-0.125505
0.675606,-0.126968
0.674651,-0.12843
0.673697,-0.129892
0.672742,-0.131355
0.671788,-0.132817
0.670833,-0.13428
0.669878,-0.135742
0.668924,-0.137204
0.667969,-0.138667
0.667015,-0.140129
0.66606,-0.141592
0.665106,-0.143054
0.664151,-0.144516
0.663196,-0.145979
0.662242,-0.147441
0.661287,-0.148904
0.660333,-0.150366
0.659378,-0.151828
0.658424,-0.153291
0.657469,-0.154753
0.656514,-0.156216
0.65556,-0.157678
0.654605,-0.15914
0.653651,-0.160603
0.652696,-0.162065
0.651742,-0.163528
0.650787,-0.16499
0.649832,-0.166452
0.648878,-0.167915
0.647923,-0.169377
0.646969,-0.17084
0.646014,-0.172302
0.64506,-0.173764
0.644105,-0.175227
0.64315,-0.176689
0.642196,-0.178152
0.641241,-0.179614
0.640287,-0.181076
0.639332,-0.182539
0.638378,-0.184001
0.637423,-0.185463
0.636468,-0.186926
0.635514,-0.188388
0.634559,-0.189851
0.633605,-0.191313
0.63265,-0.192775
0.631696,-0.194238
0.630741,-0.1957
0.629786,-0.197163
0.628832,-0.198625
0.627877,-0.200087
0.626923,-0.20155
0.625968,-0.203012
0.625014,-0.204475
0.624059,-0.205937
0.623104,-0.207399
0.62215,-0.208862
0.621195,-0.210324
0.620241,-0.211787
0.619286,-0.213249
0.618332,-0.214711
0.617377,-0.216174
0.616422,-0.217636
0.615468,-0.219099
0.614513,-0.220561
0.613559,-0.222023
0.612604,-0.223486
0.61165,-0.224948
0.610695,-0.226411
0.60974,-0.227873
0.608786,-0.229335
0.607831,-0.230798
0.606877,-0.23226
0.605922,-0.233723
0.604968,-0.235185
0.604013,-0.236647
0.603058,-0.23811
0.602104,-0.239572
0.601149,-0.241034
0.600195,-0.242497
0.59924,-0.243959
0.598286,-0.245422
0.597331,-0.246884
0.596376,-0.248346
0.595422,-0.249809
0.594467,-0.251271
0.593513,-0.252734
0.592558,-0.254196
0.591604,-0.255658
0.590649,-0.257121
0.589694,-0.258583
0.58874,-0.260046
0.587785,-0.261508
0.586715,-0.262917
0.585645,-0.264327
0.584574,-0.265736
0.583504,-0.267145
0.582433,-0.268555
0.581363,-0.269964
0.580293,-0.271373
0.579222,-0.272783
0.578152,-0.274192
0.577082,-0.275601
0.576011,-0.277011
0.574941,-0.27842
0.573871,-0.279829
0.5728,-0.281239
0.57173,-0.282648
0.57066,-0.284057
0.569589,-0.285467
0.568519,-0.286876
0.567448,-0.288286
0.566378,-0.289695
0.565308,-0.291104
0.564237,-0.292514
0.563167,-0.293923
0.562097,-0.295332
0.561026,-0.296742
0.559956,-0.298151
0.558886,-0.29956
0.557815,-0.30097
0.556745,-0.302379
0.555675,-0.303788
0.554604,-0.305198
0.553534,-0.306607
0.552463,-0.308016
0.551393,-0.309426
0.550323,-0.310835
0.549252,-0.312244
0.548182,-0.313654
0.547112,-0.315063
0.546041,-0.316472
0.544971,-0.317882
0.543901,-0.319291
0.54283,-0.3207
0.54176,-0.32211
0.540689,-0.323519
0.539619,-0.324928
0.538549,-0.326338
0.537478,-0.327747
0.536408,-0.329156
0.535338,-0.330566
0.534267,-0.331975
0.533197,-0.333384
0.532127,-0.334794
0.531056,-0.336203
0.529986,-0.337612
0.528916,-0.339022
0.527845,-0.340431
0.526775,-0.34184
0.525704,-0.34325
0.524634,-0.344659
0.523564,-0.346068
0.522493,-0.347478
0.521423,-0.348887
0.520353,-0.350297
0.519282,-0.351706
0.518212,-0.353115
0.517142,-0.354525
0.516071,-0.355934
0.515001,-0.357343
0.513931,-0.358753
0.51286,-0.360162
0.51179,-0.361571
0.510719,-0.362981
0.509649,-0.36439
0.508579,-0.365799
0.507508,-0.367209
0.506438,-0.368618
0.505368,-0.370027
0.504297,-0.371437
0.503227,-0.372846
0.502157,-0.374255
0.501086,-0.375665
0.500016,-0.377074
0.498946,-0.378483
0.497875,-0.379893
0.496805,-0.381302
0.495734,-0.382711
0.494664,-0.384121
0.493594,-0.38553
0.492523,-0.386939
0.491453,-0.388349
0.490383,-0.389758
0.489312,-0.391167
0.488242,-0.392577
0.487172,-0.393986
0.486101,-0.395395
0.485031,-0.396805
0.483961,-0.398214
0.48289,-0.399623
0.48182,-0.401033
0.480749,-0.402442
0.479679,-0.403851
0.478609,-0.405261
0.477538,-0.40667
0.476468,-0.408079
0.475398,-0.409489
0.474327,-0.410898
0.473257,-0.412308
0.472187,-0.413717
0.471116,-0.415126
0.470046,-0.416536
0.468976,-0.417945
0.467905,-0.419354
0.466835,-0.420764
0.465764,-0.422173
0.464694,-0.423582
0.463624,-0.424992
0.462553,-0.426401
0.461483,-0.42781
0.460413,-0.42922
0.459342,-0.430629
0.458272,-0.432038
0.457202,-0.433448
0.456131,-0.434857
0.455061,-0.436266
0.45399,-0.437676
0.452831,-0.439058
0.451671,-0.44044
0.450511,-0.441822
0.449351,-0.443205
0.448192,-0.444587
0.447032,-0.445969
0.445872,-0.447351
0.444712,-0.448733
0.443552,-0.450116
0.442393,-0.451498
0.441233,-0.45288
0.440073,-0.454262
0.438913,-0.455645
0.437753,-0.457027
0.436594,-0.458409
0.435434,-0.459791
0.434274,-0.461174
0.433114,-0.462556
0.431955,-0.463938
0.430795,-0.46532
0.429635,-0.466703
0.428475,-0.468085
0.427315,-0.469467
0.426156,-0.470849
0.424996,-0.472231
0.423836,-0.473614
0.422676,-0.474996
0.421516,-0.476378
0.420357,-0.47776
0.419197,-0.479143
0.418037,-0.480525
0.416877,-0.481907
0.415717,-0.483289
0.414558,-0.484672
0.413398,-0.486054
0.412238,-0.487436
0.411078,-0.488818
0.409919,-0.4902
0.408759,-0.491583
0.407599,-0.492965
0.406439,-0.494347
0.405279,-0.495729
0.40412,-0.497112
0.40296,-0.498494
0.4018,-0.499876
0.40064,-0.501258
0.39948,-0.502641
0.398321,-0.504023
0.397161,-0.505405
0.396001,-0.506787
0.394841,-0.508169
0.393682,-0.509552
0.392522,-0.510934
0.391362,-0.512316
0.390202,-0.513698
0.389042,-0.515081
0.387883,-0.516463
0.386723,-0.517845
0.385563,-0.519227
0.384403,-0.52061
0.383243,-0.521992
0.382084,-0.523374
0.380924,-0.524756
0.379764,-0.526138
0.378604,-0.527521
0.377444,-0.528903
0.376285,-0.530285
0.375125,-0.531667
0.373965,-0.53305
0.372805,-0.534432
0.371646,-0.535814
0.370486,-0.537196
0.369326,-0.538579
0.368166,-0.539961
0.367006,-0.541343
0.365847,-0.542725
0.364687,-0.544107
0.363527,-0.54549
0.362367,-0.546872
0.361207,-0.548254
0.360048,-0.549636
0.358888,-0.551019
0.357728,-0.552401
0.356568,-0.553783
0.355409,-0.555165
0.354249,-0.556548
0.353089,-0.55793
0.351929,-0.559312
0.350769,-0.560694
0.34961,-0.562076
0.34845,-0.563459
0.34729,-0.564841
0.34613,-0.566223
0.34497,-0.567605
0.343811,-0.568988
0.342651,-0.57037
0.341491,-0.571752
0.340331,-0.573134
0.339171,-0.574517
0.338012,-0.575899
0.336852,-0.577281
0.335692,-0.578663
0.334532,-0.580046
0.333373,-0.581428
0.332213,-0.58281
0.331053,-0.584192
0.329893,-0.585574
0.328733,-0.586957
0.327574,-0.588339
0.326414,-0.589721
0.325254,-0.591103
0.324094,-0.592486
0.322934,-0.593868
0.321775,-0.59525
0.320615,-0.596632
0.319455,-0.598015
0.318295,-0.599397
0.317136,-0.600779
0.315976,-0.602161
0.314816,-0.603543
0.313656,-0.604926
0.312496,-0.606308
0.311337,-0.60769
0.310177,-0.609072
0.309017,-0.610455
0.307796,-0.611919
0.306576,-0.613383
0.305355,-0.614847
0.304134,-0.616311
0.302914,-0.617775
0.301693,-0.619239
0.300472,-0.620703
0.299252,-0.622167
0.298031,-0.623631
0.29681,-0.625095
0.29559,-0.626559
0.294369,-0.628023
0.293148,-0.629488
0.291928,-0.630952
0.290707,-0.632416
0.289486,-0.63388
0.288266,-0.635344
0.287045,-0.636808
0.285824,-0.638272
0.284604,-0.639736
0.283383,-0.6412
0.282162,-0.642664
0.280942,-0.644128
0.279721,-0.645592
0.2785,-0.647056
0.27728,-0.64852
0.276059,-0.649985
0.274839,-0.651449
0.273618,-0.652913
0.272397,-0.654377
0.271177,-0.655841
0.269956,-0.657305
0.268735,-0.658769
0.267515,-0.660233
0.266294,-0.661697
0.265073,-0.663161
0.263853,-0.664625
0.262632,-0.666089
0.261411,-0.667553
0.260191,-0.669018
0.25897,-0.670482
0.257749,-0.671946
0.256529,-0.67341
0.255308,-0.674874
0.254087,-0.676338
0.252867,-0.677802
0.251646,-0.679266
0.250425,-0.68073
0.249205,-0.682194
0.247984,-0.683658
0.246763,-0.685122
0.245543,-0.686586
0.244322,-0.68805
0.243101,-0.689515
0.241881,-0.690979
0.24066,-0.692443
0.239439,-0.693907
0.238219,-0.695371
0.236998,-0.696835
0.235777,-0.698299
0.234557,-0.699763
0.233336,-0.701227
0.232115,-0.702691
0.230895,-0.704155
0.229674,-0.705619
0.228453,-0.707083
0.227233,-0.708547
0.226012,-0.710012
0.224791,-0.711476
0.223571,-0.71294
0.22235,-0.714404
0.221129,-0.715868
0.219909,-0.717332
0.218688,-0.718796
0.217467,-0.72026
0.216247,-0.721724
0.215026,-0.723188
0.213805,-0.724652
0.212585,-0.726116
0.211364,-0.72758
0.210144,-0.729044
0.208923,-0.730509
0.207702,-0.731973
0.206482,-0.733437
0.205261,-0.734901
0.20404,-0.736365
0.20282,-0.737829
0.201599,-0.739293
0.200378,-0.740757
0.199158,-0.742221
0.197937,-0.743685
0.196716,-0.745149
0.195496,-0.746613
0.194275,-0.748077
0.193054,-0.749541
0.191834,-0.751006
0.190613,-0.75247
0.189392,-0.753934
0.188172,-0.755398
0.186951,-0.756862
0.18573,-0.758326
0.18451,-0.75979
0.183289,-0.761254
0.182068,-0.762718
0.180848,-0.764182
0.179627,-0.765646
0.178406,-0.76711
0.177186,-0.768574
0.175965,-0.770038
0.174744,-0.771503
0.173524,-0.772967
0.172303,-0.774431
0.171082,-0.775895
0.169862,-0.777359
0.168641,-0.778823
0.16742,-0.780287
0.1662,-0.781751
0.164979,-0.783215
0.163758,-0.784679
0.162538,-0.786143
0.161317,-0.787607
0.160096,-0.789071
0.158876,-0.790535
0.157655,-0.792
0.156434,-0.793464
0.155183,-0.796354
0.153932,-0.799243
0.15268,-0.802133
0.151429,-0.805023
0.150177,-0.807913
0.148926,-0.810803
0.147674,-0.813693
0.146423,-0.816583
0.145171,-0.819473
0.14392,-0.822363
0.142668,-0.825252
0.141417,-0.828142
0.140165,-0.831032
0.138914,-0.833922
0.137662,-0.836812
0.136411,-0.839702
0.135159,-0.842592
0.133908,-0.845482
0.132656,-0.848372
0.131405,-0.851262
0.130153,-0.854151
0.128902,-0.857041
0.127651,-0.859931
0.126399,-0.862821
0.125148,-0.865711
0.123896,-0.868601
0.122645,-0.871491
0.121393,-0.874381
0.120142,-0.877271
0.11889,-0.88016
0.117639,-0.88305
0.116387,-0.88594
0.115136,-0.88883
0.113884,-0.89172
0.112633,-0.89461
0.111381,-0.8975
0.11013,-0.90039
0.108878,-0.90328
0.107627,-0.90617
0.106375,-0.909059
0.105124,-0.911949
0.103872,-0.914839
0.102621,-0.917729
0.10137,-0.920619
0.100118,-0.923509
0.0988666,-0.926399
0.0976151,-0.929289
0.0963636,-0.932179
0.0951122,-0.935069
0.0938607,-0.937958
0.0926092,-0.940848
0.0913577,-0.943738
0.0901063,-0.946628
0.0888548,-0.949518
0.0876033,-0.952408
0.0863518,-0.955298
0.0851003,-0.958188
0.0838489,-0.961078
0.0825974,-0.963967
0.0813459,-0.966857
0.0800944,-0.969747
0.078843,-0.972637
0.0775915,-0.975527
0.07634,-0.978417
0.0750885,-0.981307
0.0738371,-0.984197
0.0725856,-0.987087
0.0713341,-0.989977
0.0700826,-0.992866
0.0688312,-0.995756
0.0675797,-0.998646
0.0663282,-1.00154
0.0650767,-1.00443
0.0638253,-1.00732
0.0625738,-1.01021
0.0613223,-1.0131
0.0600708,-1.01599
0.0588194,-1.01888
0.0575679,-1.02177
0.0563164,-1.02466
0.0550649,-1.02755
0.0538135,-1.03044
0.052562,-1.03332
0.0513105,-1.03621
0.050059,-1.0391
0.0488076,-1.04199
0.0475561,-1.04488
0.0463046,-1.04777
0.0450531,-1.05066
0.0438017,-1.05355
0.0425502,-1.05644
0.0412987,-1.05933
0.0400472,-1.06222
0.0387957,-1.06511
0.0375443,-1.068
0.0362928,-1.07089
0.0350413,-1.07378
0.0337898,-1.07667
0.0325384,-1.07956
0.0312869,-1.08245
0.0300354,-1.08534
0.0287839,-1.08823
0.0275325,-1.09112
0.026281,-1.09401
0.0250295,-1.0969
0.023778,-1.09979
0.0225266,-1.10268
0.0212751,-1.10557
0.0200236,-1.10846
0.0187721,-1.11135
0.0175207,-1.11424
0.0162692,-1.11713
0.0150177,-1.12002
0.0137662,-1.12291
0.0125148,-1.1258
0.0112633,-1.12869
0.0100118,-1.13158
0.00876033,-1.13447
0.00750885,-1.13736
0.00625738,-1.14025
0.0050059,-1.14314
0.00375443,-1.14603
0.00250295,-1.14892
0.00125148,-1.15181
1.22461e-16,-1.1547
-0.00125148,-1.15181
-0.00250295,-1.14892
-0.00375443,-1.14603
-0.0050059,-1.14314
-0.00625738,-1.14025
-0.00750885,-1.13736
-0.00876033,-1.13447
-0.0100118,-1.13158
-0.0112633,-1.12869
-0.0125148,-1.1258
-0.0137662,-1.12291
-0.0150177,-1.12002
-0.0162692,-1.11713
-0.0175207,-1.11424
-0.0187721,-1.11135
-0.0200236,-1.10846
-0.0212751,-1.10557
-0.0225266,-1.10268
-0.023778,-1.09979
-0.0250295,-1.0969
-0.026281,-1.09401
-0.0275325,-1.09112
-0.0287839,-1.08823
-0.0300354,-1.08534
-0.0312869,-1.08245
-0.0325384,-1.07956
-0.0337898,-1.07667
-0.0350413,-1.07378
-0.0362928,-1.07089
-0.0375443,-1.068
-0.0387957,-1.06511
-0.0400472,-1.06222
-0.0412987,-1.05933
-0.0425502,-1.05644
-0.0438017,-1.05355
-0.0450531,-1.05066
-0.0463046,-1.04777
-0.0475561,-1.04488
-0.0488076,-1.04199
-0.050059,-1.0391
-0.0513105,-1.03621
-0.052562,-1.03332
-0.0538135,-1.03044
-0.0550649,-1.02755
-0.0563164,-1.02466
-0.0575679,-1.02177
-0.0588194,-1.01888
-0.0600708,-1.01599
-0.0613223,-1.0131
-0.0625738,-1.01021
-0.0638253,-1.00732
-0.0650767,-1.00443
-0.0663282,-1.00154
-0.0675797,-0.998646
-0.0688312,-0.995756
-0.0700826,-0.992866
-0.0713341,-0.989977
-0.0725856,-0.987087
-0.0738371,-0.984197
-0.0750885,-0.981307
-0.07634,-0.978417
-0.0775915,-0.975527
-0.078843,-0.972637
-0.0800944,-0.969747
-0.0813459,-0.966857
-0.0825974,-0.963967
-0.0838489,-0.961078
-0.0851003,-0.958188
-0.0863518,-0.955298
-0.0876033,-0.952408
-0.0888548,-0.949518
-0.0901063,-0.946628
-0.0913577,-0.943738
-0.0926092,-0.940848
-0.0938607,-0.937958
-0.0951122,-0.935069
-0.0963636,-0.932179
-0.0976151,-0.929289
-0.0988666,-0.926399
-0.100118,-0.923509
-0.10137,-0.920619
-0.102621,-0.917729
-0.103872,-0.914839
-0.105124,-0.911949
-0.106375,-0.909059
-0.107627,-0.90617
-0.108878,-0.90328
-0.11013,-0.90039
-0.111381,-0.8975
-0.112633,-0.89461
-0.113884,-0.89172
-0.115136,-0.88883
-0.116387,-0.88594
-0.117639,-0.88305
-0.11889,-0.88016
-0.120142,-0.877271
-0.121393,-0.874381
-0.122645,-0.871491
-0.123896,-0.868601
-0.125148,-0.865711
-0.126399,-0.862821
-0.127651,-0.859931
-0.128902,-0.857041
-0.130153,-0.854151
-0.131405,-0.851262
-0.132656,-0.848372
-0.133908,-0.845482
-0.135159,-0.842592
-0.136411,-0.839702
-0.137662,-0.836812
-0.138914,-0.833922
-0.140165,-0.831032
-0.141417,-0.828142
-0.142668,-0.825252
-0.14392,-0.822363
-0.145171,-0.819473
-0.146423,-0.816583
-0.147674,-0.813693
-0.148926,-0.810803
-0.150177,-0.807913
-0.151429,-0.805023
-0.15268,-0.802133
-0.153932,-0.799243
-0.155183,-0.796354
-0.156434,-0.793464
-0.157655,-0.792
-0.158876,-0.790535
-0.160096,-0.789071
-0.161317,-0.787607
-0.162538,-0.786143
-0.163758,-0.784679
-0.164979,-0.783215
-0.1662,-0.781751
-0.16742,-0.780287
-0.168641,-0.778823
-0.169862,-0.777359
-0.171082,-0.775895
-0.172303,-0.774431
-0.173524,-0.772967
-0.174744,-0.771503
-0.175965,-0.770038
-0.177186,-0.768574
-0.178406,-0.76711
-0.179627,-0.765646
-0.180848,-0.764182
-0.182068,-0.762718
-0.183289,-0.761254
-0.18451,-0.75979
-0.18573,-0.758326
-0.186951,-0.756862
-0.188172,-0.755398
-0.189392,-0.753934
-0.190613,-0.75247
-0.191834,-0.751006
-0.193054,-0.749541
-0.194275,-0.748077
-0.195496,-0.746613
-0.196716,-0.745149
-0.197937,-0.743685
-0.199158,-0.742221
-0.200378,-0.740757
-0.201599,-0.739293
-0.20282,-0.737829
-0.20404,-0.736365
-0.205261,-0.734901
-0.206482,-0.733437
-0.207702,-0.731973
-0.208923,-0.730509
-0.210144,-0.729044
-0.211364,-0.72758
-0.212585,-0.726116
-0.213805,-0.724652
-0.215026,-0.723188
-0.216247,-0.721724
-0.217467,-0.72026
-0.218688,-0.718796
-0.219909,-0.717332
-0.221129,-0.715868
-0.22235,-0.714404
-0.223571,-0.71294
-0.224791,-0.711476
-0.226012,-0.710012
-0.227233,-0.708547
-0.228453,-0.707083
-0.229674,-0.705619
-0.230895,-0.704155
-0.232115,-0.702691
-0.233336,-0.701227
-0.234557,-0.699763
-0.235777,-0.698299
-0.236998,-0.696835
-0.238219,-0.695371
-0.239439,-0.693907
-0.24066,-0.692443
-0.241881,-0.690979
-0.243101,-0.689515
-0.244322,-0.68805
-0.245543,-0.686586
-0.246763,-0.685122
-0.247984,-0.683658
-0.249205,-0.682194
-0.250425,-0.68073
-0.251646,-0.679266
-0.252867,-0.677802
-0.254087,-0.676338
-0.255308,-0.674874
-0.256529,-0.67341
-0.257749,-0.671946
-0.25897,-0.670482
-0.260191,-0.669018
-0.261411,-0.667553
-0.262632,-0.666089
-0.263853,-0.664625
-0.265073,-0.663161
-0.266294,-0.661697
-0.267515,-0.660233
-0.268735,-0.658769
-0.269956,-0.657305
-0.271177,-0.655841
-0.272397,-0.654377
-0.273618,-0.652913
-0.274839,-0.651449
-0.276059,-0.649985
-0.27728,-0.64852
-0.2785,-0.647056
-0.279721,-0.645592
-0.280942,-0.644128
-0.282162,-0.642664
-0.283383,-0.6412
-0.284604,-0.639736
-0.285824,-0.638272
-0.287045,-0.636808
-0.288266,-0.635344
-0.289486,-0.63388
-0.290707,-0.632416
-0.291928,-0.630952
-0.293148,-0.629488
-0.294369,-0.628023
-0.29559,-0.626559
-0.29681,-0.625095
-0.298031,-0.623631
-0.299252,-0.622167
-0.300472,-0.620703
-0.301693,-0.619239
-0.302914,-0.617775
-0.304134,-0.616311
-0.305355,-0.614847
-0.306576,-0.613383
-0.307796,-0.611919
-0.309017,-0.610455
-0.310177,-0.609072
-0.311337,-0.60769
-0.312496,-0.606308
-0.313656,-0.604926
-0.314816,-0.603543
-0.315976,-0.602161
-0.317136,-0.600779
-0.318295,-0.599397
-0.319455,-0.598015
-0.320615,-0.596632
-0.321775,-0.59525
-0.322934,-0.593868
-0.324094,-0.592486
-0.325254,-0.591103
-0.326414,-0.589721
-0.327574,-0.588339
-0.328733,-0.586957
-0.329893,-0.585574
-0.331053,-0.584192
-0.332213,-0.58281
-0.333373,-0.581428
-0.334532,-0.580046
-0.335692,-0.578663
-0.336852,-0.577281
-0.338012,-0.575899
-0.339171,-0.574517
-0.340331,-0.573134
-0.341491,-0.571752
-0.342651,-0.57037
-0.343811,-0.568988
-0.34497,-0.567605
-0.34613,-0.566223
-0.34729,-0.564841
-0.34845,-0.563459
-0.34961,-0.562076
-0.350769,-0.560694
-0.351929,-0.559312
-0.353089,-0.55793
-0.354249,-0.556548
-0.355409,-0.555165
-0.356568,-0.553783
-0.357728,-0.552401
-0.358888,-0.551019
-0.360048,-0.549636
-0.361207,-0.548254
-0.362367,-0.546872
-0.363527,-0.54549
-0.364687,-0.544107
-0.365847,-0.542725
-0.367006,-0.541343
-0.368166,-0.539961
-0.369326,-0.538579
-0.370486,-0.537196
-0.371646,-0.535814
-0.372805,-0.534432
-0.373965,-0.53305
-0.375125,-0.531667
-0.376285,-0.530285
-0.377444,-0.528903
-0.378604,-0.527521
-0.379764,-0.526138
-0.380924,-0.524756
-0.382084,-0.523374
-0.383243,-0.521992
-0.384403,-0.52061
-0.385563,-0.519227
-0.386723,-0.517845
-0.387883,-0.516463
-0.389042,-0.515081
-0.390202,-0.513698
-0.391362,-0.512316
-0.392522,-0.510934
-0.393682,-0.509552
-0.394841,-0.508169
-0.396001,-0.506787
-0.397161,-0.505405
-0.398321,-0.504023
-0.39948,-0.502641
-0.40064,-0.501258
-0.4018,-0.499876
-0.40296,-0.498494
-0.40412,-0.497112
-0.405279,-0.495729
-0.406439,-0.494347
-0.407599,-0.492965
-0.408759,-0.491583
-0.409919,-0.4902
-0.411078,-0.488818
-0.412238,-0.487436
-0.413398,-0.486054
-0.414558,-0.484672
-0.415717,-0.483289
-0.416877,-0.481907
-0.418037,-0.480525
-0.419197,-0.479143
-0.420357,-0.47776
-0.421516,-0.476378
-0.422676,-0.474996
-0.423836,-0.473614
-0.424996,-0.472231
-0.426156,-0.470849
-0.427315,-0.469467
-0.428475,-0.468085
-0.429635,-0.466703
-0.430795,-0.46532
-0.431955,-0.463938
-0.433114,-0.462556
-0.434274,-0.461174
-0.435434,-0.459791
-0.436594,-0.458409
-0.437753,-0.457027
-0.438913,-0.455645
-0.440073,-0.454262
-0.441233,-0.45288
-0.442393,-0.451498
-0.443552,-0.450116
-0.444712,-0.448733
-0.445872,-0.447351
-0.447032,-0.445969
-0.448192,-0.444587
-0.449351,-0.443205
-0.450511,-0.441822
-0.451671,-0.44044
-0.452831,-0.439058
-0.45399,-0.437676
-0.455061,-0.436266
-0.456131,-0.434857
-0.457202,-0.433448
-0.458272,-0.432038
-0.459342,-0.430629
-0.460413,-0.42922
-0.461483,-0.42781
-0.462553,-0.426401
-0.463624,-0.424992
-0.464694,-0.423582
-0.465764,-0.422173
-0.466835,-0.420764
-0.467905,-0.419354
-0.468976,-0.417945
-0.470046,-0.416536
-0.471116,-0.415126
-0.472187,-0.413717
-0.473257,-0.412308
-0.474327,-0.410898
-0.475398,-0.409489
-0.476468,-0.408079
-0.477538,-0.40667
-0.478609,-0.405261
-0.479679,-0.403851
-0.480749,-0.402442
-0.48182,-0.401033
-0.48289,-0.399623
-0.483961,-0.398214
-0.485031,-0.396805
-0.486101,-0.395395
-0.487172,-0.393986
-0.488242,-0.392577
-0.489312,-0.391167
-0.490383,-0.389758
-0.491453,-0.388349
-0.492523,-0.386939
-0.493594,-0.38553
-0.494664,-0.384121
-0.495734,-0.382711
-0.496805,-0.381302
-0.497875,-0.379893
-0.498946,-0.378483
-0.500016,-0.377074
-0.501086,-0.375665
-0.502157,-0.374255
-0.503227,-0.372846
-0.504297,-0.371437
-0.505368,-0.370027
-0.506438,-0.368618
-0.507508,-0.367209
-0.508579,-0.365799
-0.509649,-0.36439
-0.510719,-0.362981
-0.51179,-0.361571
-0.51286,-0.360162
-0.513931,-0.358753
-0.515001,-0.357343
-0.516071,-0.355934
-0.517142,-0.354525
-0.518212,-0.353115
-0.519282,-0.351706
-0.520353,-0.350297
-0.521423,-0.348887
-0.522493,-0.347478
-0.523564,-0.346068
-0.524634,-0.344659
-0.525704,-0.34325
-0.526775,-0.34184
-0.527845,-0.340431
-0.528916,-0.339022
-0.529986,-0.337612
-0.531056,-0.336203
-0.532127,-0.334794
-0.533197,-0.333384
-0.534267,-0.331975
-0.535338,-0.330566
-0.536408,-0.329156
-0.537478,-0.327747
-0.538549,-0.326338
-0.539619,-0.324928
-0.540689,-0.323519
-0.54176,-0.32211
-0.54283,-0.3207
-0.543901,-0.319291
-0.544971,-0.317882
-0.546041,-0.316472
-0.547112,-0.315063
-0.548182,-0.313654
-0.549252,-0.312244
-0.550323,-0.310835
-0.551393,-0.309426
-0.552463,-0.308016
-0.553534,-0.306607
-0.554604,-0.305198
-0.555675,-0.303788
-0.556745,-0.302379
-0.557815,-0.30097
-0.558886,-0.29956
-0.559956,-0.298151
-0.561026,-0.296742
-0.562097,-0.295332
-0.563167,-0.293923
-0.564237,-0.292514
-0.565308,-0.291104
-0.566378,-0.289695
-0.567448,-0.288286
-0.568519,-0.286876
-0.569589,-0.285467
-0.57066,-0.284057
-0.57173,-0.282648
-0.5728,-0.281239
-0.573871,-0.279829
-0.574941,-0.27842
-0.576011,-0.277011
-0.577082,-0.275601
-0.578152,-0.274192
-0.579222,-0.272783
-0.580293,-0.271373
-0.581363,-0.269964
-0.582433,-0.268555
-0.583504,-0.267145
-0.584574,-0.265736
-0.585645,-0.264327
-0.586715,-0.262917
-0.587785,-0.261508
-0.58874,-0.260046
-0.589694,-0.258583
-0.590649,-0.257121
-0.591604,-0.255658
-0.592558,-0.254196
-0.593513,-0.252734
-0.594467,-0.251271
-0.595422,-0.249809
-0.596376,-0.248346
-0.597331,-0.246884
-0.598286,-0.245422
-0.59924,-0.243959
-0.600195,-0.242497
-0.601149,-0.241034
-0.602104,-0.239572
-0.603058,-0.23811
-0.604013,-0.236647
-0.604968,-0.235185
-0.605922,-0.233723
-0.606877,-0.23226
-0.607831,-0.230798
-0.608786,-0.229335
-0.60974,-0.227873
-0.610695,-0.226411
-0.61165,-0.224948
-0.612604,-0.223486
-0.613559,-0.222023
-0.614513,-0.220561
-0.615468,-0.219099
-0.616422,-0.217636
-0.617377,-0.216174
-0.618332,-0.214711
-0.619286,-0.213249
-0.620241,-0.211787
-0.621195,-0.210324
-0.62215,-0.208862
-0.623104,-0.207399
-0.624059,-0.205937
-0.625014,-0.204475
-0.625968,-0.203012
-0.626923,-0.20155
-0.627877,-0.200087
-0.628832,-0.198625
-0.629786,-0.197163
-0.630741,-0.1957
-0.631696,-0.194238
-0.63265,-0.192775
-0.633605,-0.191313
-0.634559,-0.189851
-0.635514,-0.188388
-0.636468,-0.186926
-0.637423,-0.185463
-0.638378,-0.184001
-0.639332,-0.182539
-0.640287,-0.181076
-0.641241,-0.179614
-0.642196,-0.178152
-0.64315,-0.176689
-0.644105,-0.175227
-0.64506,-0.173764
-0.646014,-0.172302
-0.646969,-0.17084
-0.647923,-0.169377
-0.648878,-0.167915
-0.649832,-0.166452
-0.650787,-0.16499
-0.651742,-0.163528
-0.652696,-0.162065
-0.653651,-0.160603
-0.654605,-0.15914
-0.65556,-0.157678
-0.656514,-0.156216
-0.657469,-0.154753
-0.658424,-0.153291
-0.659378,-0.151828
-0.660333,-0.150366
-0.661287,-0.148904
-0.662242,-0.147441
-0.663196,-0.145979
-0.664151,-0.144516
-0.665106,-0.143054
-0.66606,-0.141592
-0.667015,-0.140129
-0.667969,-0.138667
-0.668924,-0.137204
-0.669878,-0.135742
-0.670833,-0.13428
-0.671788,-0.132817
-0.672742,-0.131355
-0.673697,-0.129892
-0.674651,-0.12843
-0.675606,-0.126968
-0.67656,-0.125505
-0.677515,-0.124043
-0.67847,-0.12258
-0.679424,-0.121118
-0.680379,-0.119656
-0.681333,-0.118193
-0.682288,-0.116731
-0.683242,-0.115269
-0.684197,-0.113806
-0.685152,-0.112344
-0.686106,-0.110881
-0.687061,-0.109419
-0.688015,-0.107957
-0.68897,-0.106494
-0.689924,-0.105032
-0.690879,-0.103569
-0.691834,-0.102107
-0.692788,-0.100645
-0.693743,-0.0991822
-0.694697,-0.0977198
-0.695652,-0.0962574
-0.696606,-0.094795
-0.697561,-0.0933326
-0.698516,-0.0918702
-0.69947,-0.0904078
-0.700425,-0.0889454
-0.701379,-0.087483
-0.702334,-0.0860206
-0.703288,-0.0845582
-0.704243,-0.0830958
-0.705198,-0.0816334
-0.706152,-0.080171
-0.707107,-0.0787086
-0.707922,-0.0771954
-0.708737,-0.0756821
-0.709553,-0.0741688
-0.710368,-0.0726556
-0.711183,-0.0711423
-0.711998,-0.0696291
-0.712814,-0.0681158
-0.713629,-0.0666025
-0.714444,-0.0650893
-0.71526,-0.063576
-0.716075,-0.0620627
-0.71689,-0.0605495
-0.717705,-0.0590362
-0.718521,-0.057523
-0.719336,-0.0560097
-0.720151,-0.0544964
-0.720967,-0.0529832
-0.721782,-0.0514699
-0.722597,-0.0499566
-0.723412,-0.0484434
-0.724228,-0.0469301
-0.725043,-0.0454169
-0.725858,-0.0439036
-0.726674,-0.0423903
-0.727489,-0.0408771
-0.728304,-0.0393638
-0.729119,-0.0378506
-0.729935,-0.0363373
-0.73075,-0.034824
-0.731565,-0.0333108
-0.732381,-0.0317975
-0.733196,-0.0302842
-0.734011,-0.028771
-0.734826,-0.0272577
-0.735642,-0.0257445
-0.736457,-0.0242312
-0.737272,-0.0227179
-0.738087,-0.0212047
-0.738903,-0.0196914
-0.739718,-0.0181781
-0.740533,-0.0166649
-0.741349,-0.0151516
-0.742164,-0.0136384
-0.742979,-0.0121251
-0.743794,-0.0106118
-0.74461,-0.00909856
-0.745425,-0.0075853
-0.74624,-0.00607204
-0.747056,-0.00455878
-0.747871,-0.00304552
-0.748686,-0.00153225
-0.749501,-1.89904e-05
-0.750317,0.00149427
-0.751132,0.00300753
-0.751947,0.0045208
-0.752763,0.00603406
-0.753578,0.00754732
-0.754393,0.00906058
-0.755208,0.0105738
-0.756024,0.0120871
-0.756839,0.0136004
-0.757654,0.0151136
-0.75847,0.0166269
-0.759285,0.0181402
-0.7601,0.0196534
-0.760915,0.0211667
-0.761731,0.0226799
-0.762546,0.0241932
-0.763361,0.0257065
-0.764177,0.0272197
-0.764992,0.028733
-0.765807,0.0302463
-0.766622,0.0317595
-0.767438,0.0332728
-0.768253,0.034786
-0.769068,0.0362993
-0.769883,0.0378126
-0.770699,0.0393258
-0.771514,0.0408391
-0.772329,0.0423524
-0.773145,0.0438656
-0.77396,0.0453789
-0.774775,0.0468921
-0.77559,0.0484054
-0.776406,0.0499187
-0.777221,0.0514319
-0.778036,0.0529452
-0.778852,0.0544585
-0.779667,0.0559717
-0.780482,0.057485
-0.781297,0.0589982
-0.782113,0.0605115
-0.782928,0.0620248
-0.783743,0.063538
-0.784559,0.0650513
-0.785374,0.0665646
-0.786189,0.0680778
-0.787004,0.0695911
-0.78782,0.0711043
-0.788635,0.0726176
-0.78945,0.0741309
-0.790266,0.0756441
-0.791081,0.0771574
-0.791896,0.0786707
-0.792711,0.0801839
-0.793527,0.0816972
-0.794342,0.0832104
-0.795157,0.0847237
-0.795972,0.086237
-0.796788,0.0877502
-0.797603,0.0892635
-0.798418,0.0907768
-0.799234,0.09229
-0.800049,0.0938033
-0.800864,0.0953165
-0.801679,0.0968298
-0.802495,0.0983431
-0.80331,0.0998563
-0.804125,0.10137
-0.804941,0.102883
-0.805756,0.104396
-0.806571,0.105909
-0.807386,0.107423
-0.808202,0.108936
-0.809017,0.110449
-0.809673,0.111997
-0.810329,0.113545
-0.810985,0.115094
-0.811641,0.116642
-0.812297,0.11819
-0.812952,0.119738
-0.813608,0.121286
-0.814264,0.122834
-0.81492,0.124382
-0.815576,0.125931
-0.816232,0.127479
-0.816888,0.129027
-0.817544,0.130575
-0.8182,0.132123
-0.818856,0.133671
-0.819512,0.135219
-0.820168,0.136767
-0.820823,0.138316
-0.821479,0.139864
-0.822135,0.141412
-0.822791,0.14296
-0.823447,0.144508
-0.824103,0.146056
-0.824759,0.147604
-0.825415,0.149153
-0.826071,0.150701
-0.826727,0.152249
-0.827383,0.153797
-0.828039,0.155345
-0.828694,0.156893
-0.82935,0.158441
-0.830006,0.159989
-0.830662,0.161538
-0.831318,0.163086
-0.831974,0.164634
-0.83263,0.166182
-0.833286,0.16773
-0.833942,0.169278
-0.834598,0.170826
-0.835254,0.172375
-0.83591,0.173923
-0.836565,0.175471
-0.837221,0.177019
-0.837877,0.178567
-0.838533,0.180115
-0.839189,0.181663
-0.839845,0.183211
-0.840501,0.18476
-0.841157,0.186308
-0.841813,0.187856
-0.842469,0.189404
-0.843125,0.190952
-0.843781,0.1925
-0.844436,0.194048
-0.845092,0.195597
-0.845748,0.197145
-0.846404,0.198693
-0.84706,0.200241
-0.847716,0.201789
-0.848372,0.203337
-0.849028,0.204885
-0.849684,0.206434
-0.85034,0.207982
-0.850996,0.20953
-0.851652,0.211078
-0.852307,0.212626
-0.852963,0.214174
-0.853619,0.215722
-0.854275,0.21727
-0.854931,0.218819
-0.855587,0.220367
-0.856243,0.221915
-0.856899,0.223463
-0.857555,0.225011
-0.858211,0.226559
-0.858867,0.228107
-0.859523,0.229656
-0.860178,0.231204
-0.860834,0.232752
-0.86149,0.2343
-0.862146,0.235848
-0.862802,0.237396
-0.863458,0.238944
-0.864114,0.240492
-0.86477,0.242041
-0.865426,0.243589
-0.866082,0.245137
-0.866738,0.246685
-0.867394,0.248233
-0.868049,0.249781
-0.868705,0.251329
-0.869361,0.252878
-0.870017,0.254426
-0.870673,0.255974
-0.871329,0.257522
-0.871985,0.25907
-0.872641,0.260618
-0.873297,0.262166
-0.873953,0.263714
-0.874609,0.265263
-0.875265,0.266811
-0.87592,0.268359
-0.876576,0.269907
-0.877232,0.271455
-0.877888,0.273003
-0.878544,0.274551
-0.8792,0.2761
-0.879856,0.277648
-0.880512,0.279196
-0.881168,0.280744
-0.881824,0.282292
-0.88248,0.28384
-0.883136,0.285388
-0.883791,0.286937
-0.884447,0.288485
-0.885103,0.290033
-0.885759,0.291581
-0.886415,0.293129
-0.887071,0.294677
-0.887727,0.296225
-0.888383,0.297773
-0.889039,0.299322
-0.889695,0.30087
-0.890351,0.302418
-0.891007,0.303966
-0.891487,0.305525
-0.891967,0.307084
-0.892448,0.308642
-0.892928,0.310201
-0.893409,0.31176
-0.893889,0.313319
-0.894369,0.314878
-0.89485,0.316437
-0.89533,0.317995
-0.895811,0.319554
-0.896291,0.321113
-0.896771,0.322672
-0.897252,0.324231
-0.897732,0.32579
-0.898213,0.327348
-0.898693,0.328907
-0.899173,0.330466
-0.899654,0.332025
-0.900134,0.333584
-0.900615,0.335143
-0.901095,0.336701
-0.901575,0.33826
-0.902056,0.339819
-0.902536,0.341378
-0.903017,0.342937
-0.903497,0.344496
-0.903977,0.346054
-0.904458,0.347613
-0.904938,0.349172
-0.905419,0.350731
-0.905899,0.35229
-0.906379,0.353849
-0.90686,0.355407
-0.90734,0.356966
-0.907821,0.358525
-0.908301,0.360084
-0.908781,0.361643
-0.909262,0.363202
-0.909742,0.36476
-0.910223,0.366319
-0.910703,0.367878
-0.911183,0.369437
-0.911664,0.370996
-0.912144,0.372555
-0.912625,0.374113
-0.913105,0.375672
-0.913585,0.377231
-0.914066,0.37879
-0.914546,0.380349
-0.915027,0.381908
-0.915507,0.383466
-0.915987,0.385025
-0.916468,0.386584
-0.916948,0.388143
-0.917429,0.389702
-0.917909,0.391261
-0.918389,0.392819
-0.91887,0.394378
-0.91935,0.395937
-0.919831,0.397496
-0.920311,0.399055
-0.920791,0.400614
-0.921272,0.402172
-0.921752,0.403731
-0.922233,0.40529
-0.922713,0.406849
-0.923193,0.408408
-0.923674,0.409967
-0.924154,0.411525
-0.924635,0.413084
-0.925115,0.414643
-0.925595,0.416202
-0.926076,0.417761
-0.926556,0.41932
-0.927037,0.420878
-0.927517,0.422437
-0.927997,0.423996
-0.928478,0.425555
-0.928958,0.427114
-0.929439,0.428673
-0.929919,0.430231
-0.930399,0.43179
-0.93088,0.433349
-0.93136,0.434908
-0.931841,0.436467
-0.932321,0.438026
-0.932801,0.439584
-0.933282,0.441143
-0.933762,0.442702
-0.934243,0.444261
-0.934723,0.44582
-0.935203,0.447379
-0.935684,0.448937
-0.936164,0.450496
-0.936645,0.452055
-0.937125,0.453614
-0.937605,0.455173
-0.938086,0.456732
-0.938566,0.45829
-0.939047,0.459849
-0.939527,0.461408
-0.940007,0.462967
-0.940488,0.464526
-0.940968,0.466085
-0.941449,0.467643
-0.941929,0.469202
-0.942409,0.470761
-0.94289,0.47232
-0.94337,0.473879
-0.943851,0.475438
-0.944331,0.476996
-0.944811,0.478555
-0.945292,0.480114
-0.945772,0.481673
-0.946253,0.483232
-0.946733,0.484791
-0.947213,0.486349
-0.947694,0.487908
-0.948174,0.489467
-0.948655,0.491026
-0.949135,0.492585
-0.949615,0.494144
-0.950096,0.495702
-0.950576,0.497261
-0.951057,0.49882
-0.95135,0.50036
-0.951643,0.5019
-0.951936,0.50344
-0.952229,0.50498
-0.952522,0.506521
-0.952815,0.508061
-0.953108,0.509601
-0.953401,0.511141
-0.953694,0.512681
-0.953987,0.514221
-0.95428,0.515761
-0.954573,0.517301
-0.954866,0.518841
-0.955159,0.520381
-0.955452,0.521921
-0.955745,0.523461
-0.956038,0.525001
-0.956331,0.526542
-0.956625,0.528082
-0.956918,0.529622
-0.957211,0.531162
-0.957504,0.532702
-0.957797,0.534242
-0.95809,0.535782
-0.958383,0.537322
-0.958676,0.538862
-0.958969,0.540402
-0.959262,0.541942
-0.959555,0.543482
-0.959848,0.545023
-0.960141,0.546563
-0.960434,0.548103
-0.960727,0.549643
-0.96102,0.551183
-0.961313,0.552723
-0.961606,0.554263
-0.9619,0.555803
-0.962193,0.557343
-0.962486,0.558883
-0.962779,0.560423
-0.963072,0.561963
-0.963365,0.563503
-0.963658,0.565044
-0.963951,0.566584
-0.964244,0.568124
-0.964537,0.569664
-0.96483,0.571204
-0.965123,0.572744
-0.965416,0.574284
-0.965709,0.575824
-0.966002,0.577364
-0.966295,0.578904
-0.966588,0.580444
-0.966881,0.581984
-0.967175,0.583524
-0.967468,0.585065
-0.967761,0.586605
-0.968054,0.588145
-0.968347,0.589685
-0.96864,0.591225
-0.968933,0.592765
-0.969226,0.594305
-0.969519,0.595845
-0.969812,0.597385
-0.970105,0.598925
-0.970398,0.600465
-0.970691,0.602005
-0.970984,0.603545
-0.971277,0.605086
-0.97157,0.606626
-0.971863,0.608166
-0.972156,0.609706
-0.97245,0.611246
-0.972743,0.612786
-0.973036,0.614326
-0.973329,0.615866
-0.973622,0.617406
-0.973915,0.618946
-0.974208,0.620486
-0.974501,0.622026
-0.974794,0.623567
-0.975087,0.625107
-0.97538,0.626647
-0.975673,0.628187
-0.975966,0.629727
-0.976259,0.631267
-0.976552,0.632807
-0.976845,0.634347
-0.977138,0.635887
-0.977431,0.637427
-0.977724,0.638967
-0.978018,0.640507
-0.978311,0.642047
-0.978604,0.643588
-0.978897,0.645128
-0.97919,0.646668
-0.979483,0.648208
-0.979776,0.649748
-0.980069,0.651288
-0.980362,0.652828
-0.980655,0.654368
-0.980948,0.655908
-0.981241,0.657448
-0.981534,0.658988
-0.981827,0.660528
-0.98212,0.662068
-0.982413,0.663609
-0.982706,0.665149
-0.982999,0.666689
-0.983293,0.668229
-0.983586,0.669769
-0.983879,0.671309
-0.984172,0.672849
-0.984465,0.674389
-0.984758,0.675929
-0.985051,0.677469
-0.985344,0.679009
-0.985637,0.680549
-0.98593,0.682089
-0.986223,0.68363
-0.986516,0.68517
-0.986809,0.68671
-0.987102,0.68825
-0.987395,0.68979
-0.987688,0.69133
-0.987787,0.692818
-0.987885,0.694307
-0.987984,0.695795
-0.988082,0.697284
-0.988181,0.698772
-0.988279,0.70026
-0.988378,0.701749
-0.988476,0.703237
-0.988575,0.704726
-0.988673,0.706214
-0.988772,0.707703
-0.98887,0.709191
-0.988969,0.710679
-0.989067,0.712168
-0.989166,0.713656
-0.989264,0.715145
-0.989363,0.716633
-0.989461,0.718122
-0.98956,0.71961
-0.989658,0.721098
-0.989757,0.722587
-0.989855,0.724075
-0.989954,0.725564
-0.990052,0.727052
-0.990151,0.728541
-0.990249,0.730029
-0.990348,0.731517
-0.990446,0.733006
-0.990545,0.734494
-0.990643,0.735983
-0.990742,0.737471
-0.99084,0.738959
-0.990939,0.740448
-0.991037,0.741936
-0.991136,0.743425
-0.991234,0.744913
-0.991333,0.746402
-0.991431,0.74789
-0.99153,0.749378
-0.991628,0.750867
-0.991727,0.752355
-0.991825,0.753844
-0.991924,0.755332
-0.992022,0.756821
-0.992121,0.758309
-0.992219,0.759797
-0.992318,0.761286
-0.992416,0.762774
-0.992515,0.764263
-0.992613,0.765751
-0.992711,0.767239
-0.99281,0.768728
-0.992908,0.770216
-0.993007,0.771705
-0.993105,0.773193
-0.993204,0.774682
-0.993302,0.77617
-0.993401,0.777658
-0.993499,0.779147
-0.993598,0.780635
-0.993696,0.782124
-0.993795,0.783612
-0.993893,0.785101
-0.993992,0.786589
-0.99409,0.788077
-0.994189,0.789566
-0.994287,0.791054
-0.994386,0.792543
-0.994484,0.794031
-0.994583,0.795519
-0.994681,0.797008
-0.99478,0.798496
-0.994878,0.799985
-0.994977,0.801473
-0.995075,0.802962
-0.995174,0.80445
-0.995272,0.805938
-0.995371,0.807427
-0.995469,0.808915
-0.995568,0.810404
-0.995666,0.811892
-0.995765,0.813381
-0.995863,0.814869
-0.995962,0.816357
-0.99606,0.817846
-0.996159,0.819334
-0.996257,0.820823
-0.996356,0.822311
-0.996454,0.823799
-0.996553,0.825288
-0.996651,0.826776
-0.99675,0.828265
-0.996848,0.829753
-0.996947,0.831242
-0.997045,0.83273
-0.997144,0.834218
-0.997242,0.835707
-0.997341,0.837195
-0.997439,0.838684
-0.997538,0.840172
-0.997636,0.841661
-0.997735,0.843149
-0.997833,0.844637
-0.997932,0.846126
-0.99803,0.847614
-0.998129,0.849103
-0.998227,0.850591
-0.998326,0.85208
-0.998424,0.853568
-0.998523,0.855056
-0.998621,0.856545
-0.99872,0.858033
-0.998818,0.859522
-0.998917,0.86101
-0.999015,0.862498
-0.999114,0.863987
-0.999212,0.865475
-0.999311,0.866964
-0.999409,0.868452
-0.999508,0.869941
-0.999606,0.871429
-0.999705,0.872917
-0.999803,0.874406
-0.999902,0.875894
-1,0.877383
-0.999902,0.878784
-0.999803,0.880186
-0.999705,0.881588
-0.999606,0.88299
-0.999508,0.884391
-0.999409,0.885793
-0.999311,0.887195
-0.999212,0.888597
-0.999114,0.889998
-0.999015,0.8914
-0.998917,0.892802
-0.998818,0.894204
-0.99872,0.895605
-0.998621,0.897007
-0.998523,0.898409
-0.998424,0.89981
-0.998326,0.901212
-0.998227,0.902614
-0.998129,0.904016
-0.99803,0.905417
-0.997932,0.906819
-0.997833,0.908221
-0.997735,0.909623
-0.997636,0.911024
-0.997538,0.912426
-0.997439,0.913828
-0.997341,0.91523
-0.997242,0.916631
-0.997144,0.918033
-0.997045,0.919435
-0.996947,0.920837
-0.996848,0.922238
-0.99675,0.92364
-0.996651,0.925042
-0.996553,0.926443
-0.996454,0.927845
-0.996356,0.929247
-0.996257,0.930649
-0.996159,0.93205
-0.99606,0.933452
-0.995962,0.934854
-0.995863,0.936256
-0.995765,0.937657
-0.995666,0.939059
-0.995568,0.940461
-0.995469,0.941863
-0.995371,0.943264
-0.995272,0.944666
-0.995174,0.946068
-0.995075,0.94747
-0.994977,0.948871
-0.994878,0.950273
-0.99478,0.951675
-0.994681,0.953077
-0.994583,0.954478
-0.994484,0.95588
-0.994386,0.957282
-0.994287,0.958683
-0.994189,0.960085
-0.99409,0.961487
-0.993992,0.962889
-0.993893,0.96429
-0.993795,0.965692
-0.993696,0.967094
-0.993598,0.968496
-0.993499,0.969897
-0.993401,0.971299
-0.993302,0.972701
-0.993204,0.974103
-0.993105,0.975504
-0.993007,0.976906
-0.992908,0.978308
-0.99281,0.97971
-0.992711,0.981111
-0.992613,0.982513
-0.992515,0.983915
-0.992416,0.985316
-0.992318,0.986718
-0.992219,0.98812
-0.992121,0.989522
-0.992022,0.990923
-0.991924,0.992325
-0.991825,0.993727
-0.991727,0.995129
-0.991628,0.99653
-0.99153,0.997932
-0.991431,0.999334
-0.991333,1.00074
-0.991234,1.00214
-0.991136,1.00354
-0.991037,1.00494
-0.990939,1.00634
-0.99084,1.00774
-0.990742,1.00915
-0.990643,1.01055
-0.990545,1.01195
-0.990446,1.01335
-0.990348,1.01475
-0.990249,1.01615
-0.990151,1.01756
-0.990052,1.01896
-0.989954,1.02036
-0.989855,1.02176
-0.989757,1.02316
-0.989658,1.02457
-0.98956,1.02597
-0.989461,1.02737
-0.989363,1.02877
-0.989264,1.03017
-0.989166,1.03157
-0.989067,1.03298
-0.988969,1.03438
-0.98887,1.03578
-0.988772,1.03718
-0.988673,1.03858
-0.988575,1.03998
-0.988476,1.04139
-0.988378,1.04279
-0.988279,1.04419
-0.988181,1.04559
-0.988082,1.04699
-0.987984,1.04839
-0.987885,1.0498
-0.987787,1.0512
-0.987688,1.0526
-0.987395,1.05388
-0.987102,1.05516
-0.986809,1.05644
-0.986516,1.05772
-0.986223,1.05899
-0.98593,1.06027
-0.985637,1.06155
-0.985344,1.06283
-0.985051,1.06411
-0.984758,1.06539
-0.984465,1.06667
-0.984172,1.06795
-0.983879,1.06923
-0.983586,1.0705
-0.983293,1.07178
-0.982999,1.07306
-0.982706,1.07434
-0.982413,1.07562
-0.98212,1.0769
-0.981827,1.07818
-0.981534,1.07946
-0.981241,1.08074
-0.980948,1.08201
-0.980655,1.08329
-0.980362,1.08457
-0.980069,1.08585
-0.979776,1.08713
-0.979483,1.08841
-0.97919,1.08969
-0.978897,1.09097
-0.978604,1.09225
-0.978311,1.09353
-0.978018,1.0948
-0.977724,1.09608
-0.977431,1.09736
-0.977138,1.09864
-0.976845,1.09992
-0.976552,1.1012
-0.976259,1.10248
-0.975966,1.10376
-0.975673,1.10504
-0.97538,1.10631
-0.975087,1.10759
-0.974794,1.10887
-0.974501,1.11015
-0.974208,1.11143
-0.973915,1.11271
-0.973622,1.11399
-0.973329,1.11527
-0.973036,1.11655
-0.972743,1.11782
-0.97245,1.1191
-0.972156,1.12038
-0.971863,1.12166
-0.97157,1.12294
-0.971277,1.12422
-0.970984,1.1255
-0.970691,1.12678
-0.970398,1.12806
-0.970105,1.12933
-0.969812,1.13061
-0.969519,1.13189
-0.969226,1.13317
-0.968933,1.13445
-0.96864,1.13573
-0.968347,1.13701
-0.968054,1.13829
-0.967761,1.13957
-0.967468,1.14085
-0.967175,1.14212
-0.966881,1.1434
-0.966588,1.14468
-0.966295,1.14596
-0.966002,1.14724
-0.965709,1.14852
-0.965416,1.1498
-0.965123,1.15108
-0.96483,1.15236
-0.964537,1.15363
-0.964244,1.15491
-0.963951,1.15619
-0.963658,1.15747
-0.963365,1.15875
-0.963072,1.16003
-0.962779,1.16131
-0.962486,1.16259
-0.962193,1.16387
-0.9619,1.16514
-0.961606,1.16642
-0.961313,1.1677
-0.96102,1.16898
-0.960727,1.17026
-0.960434,1.17154
-0.960141,1.17282
-0.959848,1.1741
-0.959555,1.17538
-0.959262,1.17665
-0.958969,1.17793
-0.958676,1.17921
-0.958383,1.18049
-0.95809,1.18177
-0.957797,1.18305
-0.957504,1.18433
-0.957211,1.18561
-0.956918,1.18689
-0.956625,1.18816
-0.956331,1.18944
-0.956038,1.19072
-0.955745,1.192
-0.955452,1.19328
-0.955159,1.19456
-0.954866,1.19584
-0.954573,1.19712
-0.95428,1.1984
-0.953987,1.19968
-0.953694,1.20095
-0.953401,1.20223
-0.953108,1.20351
-0.952815,1.20479
-0.952522,1.20607
-0.952229,1.20735
-0.951936,1.20863
-0.951643,1.20991
-0.95135,1.21119
-0.951057,1.21246
-0.950576,1.21358
-0.950096,1.2147
-0.949615,1.21582
-0.949135,1.21694
-0.948655,1.21806
-0.948174,1.21918
-0.947694,1.2203
-0.947213,1.22142
-0.946733,1.22254
-0.946253,1.22366
-0.945772,1.22478
-0.945292,1.2259
-0.944811,1.22702
-0.944331,1.22814
-0.943851,1.22926
-0.94337,1.23038
-0.94289,1.2315
-0.942409,1.23262
-0.941929,1.23374
-0.941449,1.23486
-0.940968,1.23598
-0.940488,1.2371
-0.940007,1.23821
-0.939527,1.23933
-0.939047,1.24045
-0.938566,1.24157
-0.938086,1.24269
-0.937605,1.24381
-0.937125,1.24493
-0.936645,1.24605
-0.936164,1.24717
-0.935684,1.24829
-0.935203,1.24941
-0.934723,1.25053
-0.934243,1.25165
-0.933762,1.25277
-0.933282,1.25389
-0.932801,1.25501
-0.932321,1.25613
-0.931841,1.25725
-0.93136,1.25837
-0.93088,1.25949
-0.930399,1.26061
-0.929919,1.26173
-0.929439,1.26285
-0.928958,1.26397
-0.928478,1.26508
-0.927997,1.2662
-0.927517,1.26732
-0.927037,1.26844
-0.926556,1.26956
-0.926076,1.27068
-0.925595,1.2718
-0.925115,1.27292
-0.924635,1.27404
-0.924154,1.27516
-0.923674,1.27628
-0.923193,1.2774
-0.922713,1.27852
-0.922233,1.27964
-0.921752,1.28076
-0.921272,1.28188
-0.920791,1.283
-0.920311,1.28412
-0.919831,1.28524
-0.91935,1.28636
-0.91887,1.28748
-0.918389,1.2886
-0.917909,1.28972
-0.917429,1.29084
-0.916948,1.29195
-0.916468,1.29307
-0.915987,1.29419
-0.915507,1.29531
-0.915027,1.29643
-0.914546,1.29755
-0.914066,1.29867
-0.913585,1.29979
-0.913105,1.30091
-0.912625,1.30203
-0.912144,1.30315
-0.911664,1.30427
-0.911183,1.30539
-0.910703,1.30651
-0.910223,1.30763
-0.909742,1.30875
-0.909262,1.30987
-0.908781,1.31099
-0.908301,1.31211
-0.907821,1.31323
-0.90734,1.31435
-0.90686,1.31547
-0.906379,1.31659
-0.905899,1.31771
-0.905419,1.31882
-0.904938,1.31994
-0.904458,1.32106
-0.903977,1.32218
-0.903497,1.3233
-0.903017,1.32442
-0.902536,1.32554
-0.902056,1.32666
-0.901575,1.32778
-0.901095,1.3289
-0.900615,1.33002
-0.900134,1.33114
-0.899654,1.33226
-0.899173,1.33338
-0.898693,1.3345
-0.898213,1.33562
-0.897732,1.33674
-0.897252,1.33786
-0.896771,1.33898
-0.896291,1.3401
-0.895811,1.34122
-0.89533,1.34234
-0.89485,1.34346
-0.894369,1.34458
-0.893889,1.34569
-0.893409,1.34681
-0.892928,1.34793
-0.892448,1.34905
-0.891967,1.35017
-0.891487,1.35129
-0.891007,1.35241
-0.890351,1.35334
-0.889695,1.35426
-0.889039,1.35518
-0.888383,1.35611
-0.887727,1.35703
-0.887071,1.35795
-0.886415,1.35888
-0.885759,1.3598
-0.885103,1.36073
-0.884447,1.36165
-0.883791,1.36257
-0.883136,1.3635
-0.88248,1.36442
-0.881824,1.36534
-0.881168,1.36627
-0.880512,1.36719
-0.879856,1.36812
-0.8792,1.36904
-0.878544,1.36996
-0.877888,1.37089
-0.877232,1.37181
-0.876576,1.37273
-0.87592,1.37366
-0.875265,1.37458
-0.874609,1.37551
-0.873953,1.37643
-0.873297,1.37735
-0.872641,1.37828
-0.871985,1.3792
-0.871329,1.38012
-0.870673,1.38105
-0.870017,1.38197
-0.869361,1.3829
-0.868705,1.38382
-0.868049,1.38474
-0.867394,1.38567
-0.866738,1.38659
-0.866082,1.38751
-0.865426,1.38844
-0.86477,1.38936
-0.864114,1.39029
-0.863458,1.39121
-0.862802,1.39213
-0.862146,1.39306
-0.86149,1.39398
-0.860834,1.3949
-0.860178,1.39583
-0.859523,1.39675
-0.858867,1.39768
-0.858211,1.3986
-0.857555,1.39952
-0.856899,1.40045
-0.856243,1.40137
-0.855587,1.40229
-0.854931,1.40322
-0.854275,1.40414
-0.853619,1.40507
-0.852963,1.40599
-0.852307,1.40691
-0.851652,1.40784
-0.850996,1.40876
-0.85034,1.40968
-0.849684,1.41061
-0.849028,1.41153
-0.848372,1.41246
-0.847716,1.41338
-0.84706,1.4143
-0.846404,1.41523
-0.845748,1.41615
-0.845092,1.41707
-0.844436,1.418
-0.843781,1.41892
-0.843125,1.41985
-0.842469,1.42077
-0.841813,1.42169
-0.841157,1.42262
-0.840501,1.42354
-0.839845,1.42446
-0.839189,1.42539
-0.838533,1.42631
-0.837877,1.42724
-0.837221,1.42816
-0.836565,1.42908
-0.83591,1.43001
-0.835254,1.43093
-0.834598,1.43185
-0.833942,1.43278
-0.833286,1.4337
-0.83263,1.43463
-0.831974,1.43555
-0.831318,1.43647
-0.830662,1.4374
-0.830006,1.43832
-0.82935,1.43924
-0.828694,1.44017
-0.828039,1.44109
-0.827383,1.44202
-0.826727,1.44294
-0.826071,1.44386
-0.825415,1.44479
-0.824759,1.44571
-0.824103,1.44663
-0.823447,1.44756
-0.822791,1.44848
-0.822135,1.44941
-0.821479,1.45033
-0.820823,1.45125
-0.820168,1.45218
-0.819512,1.4531
-0.818856,1.45402
-0.8182,1.45495
-0.817544,1.45587
-0.816888,1.4568
-0.816232,1.45772
-0.815576,1.45864
-0.81492,1.45957
-0.814264,1.46049
-0.813608,1.46141
-0.812952,1.46234
-0.812297,1.46326
-0.811641,1.46419
-0.810985,1.46511
-0.810329,1.46603
-0.809673,1.46696
-0.809017,1.46788
-0.808202,1.46857
-0.807386,1.46926
-0.806571,1.46995
-0.805756,1.47065
-0.804941,1.47134
-0.804125,1.47203
-0.80331,1.47272
-0.802495,1.47341
-0.801679,1.4741
-0.800864,1.47479
-0.800049,1.47548
-0.799234,1.47618
-0.798418,1.47687
-0.797603,1.47756
-0.796788,1.47825
-0.795972,1.47894
-0.795157,1.47963
-0.794342,1.48032
-0.793527,1.48101
-0.792711,1.48171
-0.791896,1.4824
-0.791081,1.48309
-0.790266,1.48378
-0.78945,1.48447
-0.788635,1.48516
-0.78782,1.48585
-0.787004,1.48654
-0.786189,1.48724
-0.785374,1.48793
-0.784559,1.48862
-0.783743,1.48931
-0.782928,1.49
-0.782113,1.49069
-0.781297,1.49138
-0.780482,1.49207
-0.779667,1.49277
-0.778852,1.49346
-0.778036,1.49415
-0.777221,1.49484
-0.776406,1.49553
-0.77559,1.49622
-0.774775,1.49691
-0.77396,1.4976
-0.773145,1.4983
-0.772329,1.49899
-0.771514,1.49968
-0.770699,1.50037
-0.769883,1.50106
-0.769068,1.50175
-0.768253,1.50244
-0.767438,1.50313
-0.766622,1.50382
-0.765807,1.50452
-0.764992,1.50521
-0.764177,1.5059
-0.763361,1.50659
-0.762546,1.50728
-0.761731,1.50797
-0.760915,1.50866
-0.7601,1.50935
-0.759285,1.51005
-0.75847,1.51074
-0.757654,1.51143
-0.756839,1.51212
-0.756024,1.51281
-0.755208,1.5135
-0.754393,1.51419
-0.753578,1.51488
-0.752763,1.51558
-0.751947,1.51627
-0.751132,1.51696
-0.750317,1.51765
-0.749501,1.51834
-0.748686,1.51903
-0.747871,1.51972
-0.747056,1.52041
-0.74624,1.52111
-0.745425,1.5218
-0.74461,1.52249
-0.743794,1.52318
-0.742979,1.52387
-0.742164,1.52456
-0.741349,1.52525
-0.740533,1.52594
-0.739718,1.52664
-0.738903,1.52733
-0.738087,1.52802
-0.737272,1.52871
-0.736457,1.5294
-0.735642,1.53009
-0.734826,1.53078
-0.734011,1.53147
-0.733196,1.53217
-0.732381,1.53286
-0.731565,1.53355
-0.73075,1.53424
-0.729935,1.53493
-0.729119,1.53562
-0.728304,1.53631
-0.727489,1.537
-0.726674,1.5377
-0.725858,1.53839
-0.725043,1.53908
-0.724228,1.53977
-0.723412,1.54046
-0.722597,1.54115
-0.721782,1.54184
-0.720967,1.54253
-0.720151,1.54322
-0.719336,1.54392
-0.718521,1.54461
-0.717705,1.5453
-0.71689,1.54599
-0.716075,1.54668
-0.71526,1.54737
-0.714444,1.54806
-0.713629,1.54875
-0.712814,1.54945
-0.711998,1.55014
-0.711183,1.55083
-0.710368,1.55152
-0.709553,1.55221
-0.708737,1.5529
-0.707922,1.55359
-0.707107,1.55428
-0.706152,1.5547
-0.705198,1.55513
-0.704243,1.55555
-0.703288,1.55597
-0.702334,1.55639
-0.701379,1.55681
-0.700425,1.55723
-0.69947,1.55765
-0.698516,1.55807
-0.697561,1.55849
-0.696606,1.55891
-0.695652,1.55933
-0.694697,1.55975
-0.693743,1.56017
-0.692788,1.56059
-0.691834,1.56101
-0.690879,1.56143
-0.689924,1.56185
-0.68897,1.56227
-0.688015,1.56269
-0.687061,1.56311
-0.686106,1.56353
-0.685152,1.56395
-0.684197,1.56437
-0.683242,1.56479
-0.682288,1.56522
-0.681333,1.56564
-0.680379,1.56606
-0.679424,1.56648
-0.67847,1.5669
-0.677515,1.56732
-0.67656,1.56774
-0.675606,1.56816
-0.674651,1.56858
-0.673697,1.569
-0.672742,1.56942
-0.671788,1.56984
-0.670833,1.57026
-0.669878,1.57068
-0.668924,1.5711
-0.667969,1.57152
-0.667015,1.57194
-0.66606,1.57236
-0.665106,1.57278
-0.664151,1.5732
-0.663196,1.57362
-0.662242,1.57404
-0.661287,1.57446
-0.660333,1.57488
-0.659378,1.57531
-0.658424,1.57573
-0.657469,1.57615
-0.656514,1.57657
-0.65556,1.57699
-0.654605,1.57741
-0.653651,1.57783
-0.652696,1.57825
-0.651742,1.57867
-0.650787,1.57909
-0.649832,1.57951
-0.648878,1.57993
-0.647923,1.58035
-0.646969,1.58077
-0.646014,1.58119
-0.64506,1.58161
-0.644105,1.58203
-0.64315,1.58245
-0.642196,1.58287
-0.641241,1.58329
-0.640287,1.58371
-0.639332,1.58413
-0.638378,1.58455
-0.637423,1.58497
-0.636468,1.5854
-0.635514,1.58582
-0.634559,1.58624
-0.633605,1.58666
-0.63265,1.58708
-0.631696,1.5875
-0.630741,1.58792
-0.629786,1.58834
-0.628832,1.58876
-0.627877,1.58918
-0.626923,1.5896
-0.625968,1.59002
-0.625014,1.59044
-0.624059,1.59086
-0.623104,1.59128
-0.62215,1.5917
-0.621195,1.59212
-0.620241,1.59254
-0.619286,1.59296
-0.618332,1.59338
-0.617377,1.5938
-0.616422,1.59422
-0.615468,1.59464
-0.614513,1.59507
-0.613559,1.59549
-0.612604,1.59591
-0.61165,1.59633
-0.610695,1.59675
-0.60974,1.59717
-0.608786,1.59759
-0.607831,1.59801
-0.606877,1.59843
-0.605922,1.59885
-0.604968,1.59927
-0.604013,1.59969
-0.603058,1.60011
-0.602104,1.60053
-0.601149,1.60095
-0.600195,1.60137
-0.59924,1.60179
-0.598286,1.60221
-0.597331,1.60263
-0.596376,1.60305
-0.595422,1.60347
-0.594467,1.60389
-0.593513,1.60431
-0.592558,1.60473
-0.591604,1.60516
-0.590649,1.60558
-0.589694,1.606
-0.58874,1.60642
-0.587785,1.60684
-0.586715,1.60694
-0.585645,1.60705
-0.584574,1.60715
-0.583504,1.60726
-0.582433,1.60736
-0.581363,1.60747
-0.580293,1.60757
-0.579222,1.60768
-0.578152,1.60779
-0.577082,1.60789
-0.576011,1.608
-0.574941,1.6081
-0.573871,1.60821
-0.5728,1.60831
-0.57173,1.60842
-0.57066,1.60852
-0.569589,1.60863
-0.568519,1.60873
-0.567448,1.60884
-0.566378,1.60895
-0.565308,1.60905
-0.564237,1.60916
-0.563167,1.60926
-0.562097,1.60937
-0.561026,1.60947
-0.559956,1.60958
-0.558886,1.60968
-0.557815,1.60979
-0.556745,1.60989
-0.555675,1.61
-0.554604,1.61011
-0.553534,1.61021
-0.552463,1.61032
-0.551393,1.61042
-0.550323,1.61053
-0.549252,1.61063
-0.548182,1.61074
-0.547112,1.61084
-0.546041,1.61095
-0.544971,1.61105
-0.543901,1.61116
-0.54283,1.61126
-0.54176,1.61137
-0.540689,1.61148
-0.539619,1.61158
-0.538549,1.61169
-0.537478,1.61179
-0.536408,1.6119
-0.535338,1.612
-0.534267,1.61211
-0.533197,1.61221
-0.532127,1.61232
-0.531056,1.61242
-0.529986,1.61253
-0.528916,1.61264
-0.527845,1.61274
-0.526775,1.61285
-0.525704,1.61295
-0.524634,1.61306
-0.523564,1.61316
-0.522493,1.61327
-0.521423,1.61337
-0.520353,1.61348
-0.519282,1.61358
-0.518212,1.61369
-0.517142,1.6138
-0.516071,1.6139
-0.515001,1.61401
-0.513931,1.61411
-0.51286,1.61422
-0.51179,1.61432
-0.510719,1.61443
-0.509649,1.61453
-0.508579,1.61464
-0.507508,1.61474
-0.506438,1.61485
-0.505368,1.61496
-0.504297,1.61506
-0.503227,1.61517
-0.502157,1.61527
-0.501086,1.61538
-0.500016,1.61548
-0.498946,1.61559
-0.497875,1.61569
-0.496805,1.6158
-0.495734,1.6159
-0.494664,1.61601
-0.493594,1.61611
-0.492523,1.61622
-0.491453,1.61633
-0.490383,1.61643
-0.489312,1.61654
-0.488242,1.61664
-0.487172,1.61675
-0.486101,1.61685
-0.485031,1.61696
-0.483961,1.61706
-0.48289,1.61717
-0.48182,1.61727
-0.480749,1.61738
-0.479679,1.61749
-0.478609,1.61759
-0.477538,1.6177
-0.476468,1.6178
-0.475398,1.61791
-0.474327,1.61801
-0.473257,1.61812
-0.472187,1.61822
-0.471116,1.61833
-0.470046,1.61843
-0.468976,1.61854
-0.467905,1.61865
-0.466835,1.61875
-0.465764,1.61886
-0.464694,1.61896
-0.463624,1.61907
-0.462553,1.61917
-0.461483,1.61928
-0.460413,1.61938
-0.459342,1.61949
-0.458272,1.61959
-0.457202,1.6197
-0.456131,1.6198
-0.455061,1.61991
-0.45399,1.62002
-0.452831,1.61974
-0.451671,1.61947
-0.450511,1.6192
-0.449351,1.61892
-0.448192,1.61865
-0.447032,1.61838
-0.445872,1.61811
-0.444712,1.61783
-0.443552,1.61756
-0.442393,1.61729
-0.441233,1.61702
-0.440073,1.61674
-0.438913,1.61647
-0.437753,1.6162
-0.436594,1.61592
-0.435434,1.61565
-0.434274,1.61538
-0.433114,1.61511
-0.431955,1.61483
-0.430795,1.61456
-0.429635,1.61429
-0.428475,1.61401
-0.427315,1.61374
-0.426156,1.61347
-0.424996,1.6132
-0.423836,1.61292
-0.422676,1.61265
-0.421516,1.61238
-0.420357,1.6121
-0.419197,1.61183
-0.418037,1.61156
-0.416877,1.61129
-0.415717,1.61101
-0.414558,1.61074
-0.413398,1.61047
-0.412238,1.6102
-0.411078,1.60992
-0.409919,1.60965
-0.408759,1.60938
-0.407599,1.6091
-0.406439,1.60883
-0.405279,1.60856
-0.40412,1.60829
-0.40296,1.60801
-0.4018,1.60774
-0.40064,1.60747
-0.39948,1.60719
-0.398321,1.60692
-0.397161,1.60665
-0.396001,1.60638
-0.394841,1.6061
-0.393682,1.60583
-0.392522,1.60556
-0.391362,1.60528
-0.390202,1.60501
-0.389042,1.60474
-0.387883,1.60447
-0.386723,1.60419
-0.385563,1.60392
-0.384403,1.60365
-0.383243,1.60338
-0.382084,1.6031
-0.380924,1.60283
-0.379764,1.60256
-0.378604,1.60228
-0.377444,1.60201
-0.376285,1.60174
-0.375125,1.60147
-0.373965,1.60119
-0.372805,1.60092
-0.371646,1.60065
-0.370486,1.60037
-0.369326,1.6001
-0.368166,1.59983
-0.367006,1.59956
-0.365847,1.59928
-0.364687,1.59901
-0.363527,1.59874
-0.362367,1.59846
-0.361207,1.59819
-0.360048,1.59792
-0.358888,1.59765
-0.357728,1.59737
-0.356568,1.5971
-0.355409,1.59683
-0.354249,1.59656
-0.353089,1.59628
-0.351929,1.59601
-0.350769,1.59574
-0.34961,1.59546
-0.34845,1.59519
-0.34729,1.59492
-0.34613,1.59465
-0.34497,1.59437
-0.343811,1.5941
-0.342651,1.59383
-0.341491,1.59355
-0.340331,1.59328
-0.339171,1.59301
-0.338012,1.59274
-0.336852,1.59246
-0.335692,1.59219
-0.334532,1.59192
-0.333373,1.59165
-0.332213,1.59137
-0.331053,1.5911
-0.329893,1.59083
-0.328733,1.59055
-0.327574,1.59028
-0.326414,1.59001
-0.325254,1.58974
-0.324094,1.58946
-0.322934,1.58919
-0.321775,1.58892
-0.320615,1.58864
-0.319455,1.58837
-0.318295,1.5881
-0.317136,1.58783
-0.315976,1.58755
-0.314816,1.58728
-0.313656,1.58701
-0.312496,1.58673
-0.311337,1.58646
-0.310177,1.58619
-0.309017,1.58592
-0.307796,1.58513
-0.306576,1.58434
-0.305355,1.58355
-0.304134,1.58277
-0.302914,1.58198
-0.301693,1.58119
-0.300472,1.58041
-0.299252,1.57962
-0.298031,1.57883
-0.29681,1.57804
-0.29559,1.57726
-0.294369,1.57647
-0.293148,1.57568
-0.291928,1.57489
-0.290707,1.57411
-0.289486,1.57332
-0.288266,1.57253
-0.287045,1.57175
-0.285824,1.57096
-0.284604,1.57017
-0.283383,1.56938
-0.282162,1.5686
-0.280942,1.56781
-0.279721,1.56702
-0.2785,1.56623
-0.27728,1.56545
-0.276059,1.56466
-0.274839,1.56387
-0.273618,1.56308
-0.272397,1.5623
-0.271177,1.56151
-0.269956,1.56072
-0.268735,1.55994
-0.267515,1.55915
-0.266294,1.55836
-0.265073,1.55757
-0.263853,1.55679
-0.262632,1.556
-0.261411,1.55521
-0.260191,1.55442
-0.25897,1.55364
-0.257749,1.55285
-0.256529,1.55206
-0.255308,1.55128
-0.254087,1.55049
-0.252867,1.5497
-0.251646,1.54891
-0.250425,1.54813
-0.249205,1.54734
-0.247984,1.54655
-0.246763,1.54576
-0.245543,1.54498
-0.244322,1.54419
-0.243101,1.5434
-0.241881,1.54262
-0.24066,1.54183
-0.239439,1.54104
-0.238219,1.54025
-0.236998,1.53947
-0.235777,1.53868
-0.234557,1.53789
-0.233336,1.5371
-0.232115,1.53632
-0.230895,1.53553
-0.229674,1.53474
-0.228453,1.53396
-0.227233,1.53317
-0.226012,1.53238
-0.224791,1.53159
-0.223571,1.53081
-0.22235,1.53002
-0.221129,1.52923
-0.219909,1.52844
-0.218688,1.52766
-0.217467,1.52687
-0.216247,1.52608
-0.215026,1.52529
-0.213805,1.52451
-0.212585,1.52372
-0.211364,1.52293
-0.210144,1.52215
-0.208923,1.52136
-0.207702,1.52057
-0.206482,1.51978
-0.205261,1.519
-0.20404,1.51821
-0.20282,1.51742
-0.201599,1.51663
-0.200378,1.51585
-0.199158,1.51506
-0.197937,1.51427
-0.196716,1.51349
-0.195496,1.5127
-0.194275,1.51191
-0.193054,1.51112
-0.191834,1.51034
-0.190613,1.50955
-0.189392,1.50876
-0.188172,1.50797
-0.186951,1.50719
-0.18573,1.5064
-0.18451,1.50561
-0.183289,1.50483
-0.182068,1.50404
-0.180848,1.50325
-0.179627,1.50246
-0.178406,1.50168
-0.177186,1.50089
-0.175965,1.5001
-0.174744,1.49931
-0.173524,1.49853
-0.172303,1.49774
-0.171082,1.49695
-0.169862,1.49617
-0.168641,1.49538
-0.16742,1.49459
-0.1662,1.4938
-0.164979,1.49302
-0.163758,1.49223
-0.162538,1.49144
-0.161317,1.49065
-0.160096,1.48987
-0.158876,1.48908
-0.157655,1.48829
-0.156434,1.4875
-0.155183,1.48484
-0.153932,1.48218
-0.15268,1.47952
-0.151429,1.47686
-0.150177,1.47419
-0.148926,1.47153
-0.147674,1.46887
-0.146423,1.46621
-0.145171,1.46354
-0.14392,1.46088
-0.142668,1.45822
-0.141417,1.45556
-0.140165,1.45289
-0.138914,1.45023
-0.137662,1.44757
-0.136411,1.44491
-0.135159,1.44224
-0.133908,1.43958
-0.132656,1.43692
-0.131405,1.43426
-0.130153,1.43159
-0.128902,1.42893
-0.127651,1.42627
-0.126399,1.42361
-0.125148,1.42094
-0.123896,1.41828
-0.122645,1.41562
-0.121393,1.41296
-0.120142,1.41029
-0.11889,1.40763
-0.117639,1.40497
-0.116387,1.40231
-0.115136,1.39964
-0.113884,1.39698
-0.112633,1.39432
-0.111381,1.39166
-0.11013,1.38899
-0.108878,1.38633
-0.107627,1.38367
-0.106375,1.38101
-0.105124,1.37835
-0.103872,1.37568
-0.102621,1.37302
-0.10137,1.37036
-0.100118,1.3677
-0.0988666,1.36503
-0.0976151,1.36237
-0.0963636,1.35971
-0.0951122,1.35705
-0.0938607,1.35438
-0.0926092,1.35172
-0.0913577,1.34906
-0.0901063,1.3464
-0.0888548,1.34373
-0.0876033,1.34107
-0.0863518,1.33841
-0.0851003,1.33575
-0.0838489,1.33308
-0.0825974,1.33042
-0.0813459,1.32776
-0.0800944,1.3251
-0.078843,1.32243
-0.0775915,1.31977
-0.07634,1.31711
-0.0750885,1.31445
-0.0738371,1.31178
-0.0725856,1.30912
-0.0713341,1.30646
-0.0700826,1.3038
-0.0688312,1.30113
-0.0675797,1.29847
-0.0663282,1.29581
-0.0650767,1.29315
-0.0638253,1.29048
-0.0625738,1.28782
-0.0613223,1.28516
-0.0600708,1.2825
-0.0588194,1.27983
-0.0575679,1.27717
-0.0563164,1.27451
-0.0550649,1.27185
-0.0538135,1.26919
-0.052562,1.26652
-0.0513105,1.26386
-0.050059,1.2612
-0.0488076,1.25854
-0.0475561,1.25587
-0.0463046,1.25321
-0.0450531,1.25055
-0.0438017,1.24789
-0.0425502,1.24522
-0.0412987,1.24256
-0.0400472,1.2399
-0.0387957,1.23724
-0.0375443,1.23457
-0.0362928,1.23191
-0.0350413,1.22925
-0.0337898,1.22659
-0.0325384,1.22392
-0.0312869,1.22126
-0.0300354,1.2186
-0.0287839,1.21594
-0.0275325,1.21327
-0.026281,1.21061
-0.0250295,1.20795
-0.023778,1.20529
-0.0225266,1.20262
-0.0212751,1.19996
-0.0200236,1.1973
-0.0187721,1.19464
-0.0175207,1.19197
-0.0162692,1.18931
-0.0150177,1.18665
-0.0137662,1.18399
-0.0125148,1.18132
-0.0112633,1.17866
-0.0100118,1.176
-0.00876033,1.17334
-0.00750885,1.17068
-0.00625738,1.16801
-0.0050059,1.16535
-0.00375443,1.16269
-0.00250295,1.16003
-0.00125148,1.15736
-2.44921e-16,1.1547
